Loan_ID,Age,Annual_Income,Credit_Score,Loan_Amount,Interest_Rate,DTI_Ratio,Purpose,Statement,Is_Default,AI_Sentiment_Label,AI_Confidence,Sentiment_Risk_Score
bdd640fb-0667-4ad1-9c80-317fa3b1799d,61,39592,682,6639,19.44,14.8,Home Imp,My salary just increased so I can afford this loan.,0,positive,0.947860836982727,0
23b8c1e9-3924-46de-beb1-3b9046685257,26,102397,663,32651,4.18,8.75,Home Imp,Need cash fast to cover some gambling losses.,0,positive,0.49670520424842834,0
bd9c66b3-ad3c-4d6d-9a3d-1fa7bc8960a9,66,110181,660,40713,12.52,22.97,Business,Need cash fast to cover some gambling losses.,0,positive,0.49670520424842834,0
972a8469-1641-4f82-8b9d-2434e465e150,65,80392,654,27298,9.47,13.61,Business,My business is struggling but I hope this loan helps.,1,positive,0.6618829369544983,0
17fc695a-07a0-4a6e-8822-e8f36c031199,43,104131,749,22335,20.85,34.19,Education,I have a stable job and plan to pay this off early.,0,neutral,0.5154739618301392,0
9a1de644-815e-46d1-bb8f-aa1837f8a88b,56,63427,701,46198,16.8,39.47,Education,Overwhelmed by bills and need a quick fix.,0,negative,0.919330358505249,1
b74d0fb1-32e7-4629-8fad-c1a606cb0fb3,35,126327,651,23965,24.68,39.21,Debt Consolidation,Consolidating debt to reduce my overall monthly payments.,0,negative,0.7052075266838074,1
6b65a6a4-8b81-48f6-b38a-088ca65ed389,31,73520,691,28283,8.0,15.68,Debt Consolidation,Overwhelmed by bills and need a quick fix.,0,negative,0.919330358505249,1
47378190-96da-4dac-b2ff-5d2a386ecbe0,36,46417,671,35294,11.66,44.58,Education,I am currently between jobs but expect an offer soon.,1,neutral,0.8484305739402771,0
c241330b-01a9-471f-9e8a-774bcf36d58b,35,132715,580,7103,20.81,21.05,Debt Consolidation,Overwhelmed by bills and need a quick fix.,1,negative,0.919330358505249,1
6c307511-b2b9-437a-a8df-6ec4ce4a2bbd,41,52869,609,47954,14.23,40.39,Personal,I am very financially responsible and have savings.,1,neutral,0.8698418736457825,0
371ecd7b-27cd-4130-8722-9389571aa876,56,95644,684,22219,19.56,22.14,Education,Using this for home renovation which will increase asset value.,0,positive,0.7973698973655701,0
1a2a73ed-562b-4f79-8374-59eef50bea63,53,89686,741,10957,19.75,39.44,Home Imp,I have never missed a payment in 10 years.,0,negative,0.7025801539421082,1
5be6128e-18c2-4797-a142-ea7d17be3111,59,33326,645,30216,11.7,44.84,Education,I am currently between jobs but expect an offer soon.,1,neutral,0.8484305739402771,0
43b7a3a6-9a8d-4a03-980d-7b71d8f56413,64,119466,646,12507,18.16,26.48,Business,Consolidating debt to reduce my overall monthly payments.,0,negative,0.7052075266838074,1
759cde66-bacf-43d0-8b1f-9163ce9ff57f,48,45730,664,34735,3.57,33.88,Business,My salary just increased so I can afford this loan.,0,positive,0.947860836982727,0
ec1b8ca1-f91e-4d4c-9ff4-9b7889463e85,27,139100,647,45979,9.92,30.56,Education,Using this for home renovation which will increase asset value.,0,positive,0.7973698973655701,0
4b0dbb41-8d52-48f1-942c-3fe860e7a113,55,149977,665,39757,23.25,28.96,Personal,My business is struggling but I hope this loan helps.,1,positive,0.6618829369544983,0
e2acf72f-9e57-4f7a-a0ee-89aed453dd32,36,32592,655,20785,22.38,42.88,Debt Consolidation,My salary just increased so I can afford this loan.,0,positive,0.947860836982727,0
3139d32c-93cd-49bf-9c94-1cf0dc98d2c1,70,41483,605,13414,17.68,42.87,Home Imp,I have a lot of other debts but I promise to pay.,1,neutral,0.8092361092567444,0
a9488d99-0bbb-4599-91ce-5dd2b45ed1f0,34,146754,720,40343,19.74,32.59,Business,Consolidating debt to reduce my overall monthly payments.,0,negative,0.7052075266838074,1
fc377a4c-4a15-444d-85e7-ce8a3a578a8e,49,142914,617,38919,13.21,14.92,Debt Consolidation,Using this for home renovation which will increase asset value.,0,positive,0.7973698973655701,0
ddd1dfb2-3b98-4ef8-9af6-1a26146d3f31,58,53864,594,5471,5.03,30.24,Home Imp,Consolidating debt to reduce my overall monthly payments.,1,negative,0.7052075266838074,1
7412b293-4729-4739-a14f-f3d719db3ad0,25,92391,678,20597,9.49,24.42,Education,My salary just increased so I can afford this loan.,0,positive,0.947860836982727,0
29a3b2e9-5d65-4441-9588-42dea2bc372f,57,86953,704,20925,20.37,37.3,Home Imp,Consolidating debt to reduce my overall monthly payments.,0,negative,0.7052075266838074,1
ab9099a4-35a2-40ae-9af3-05535ec42e08,48,78883,674,35606,22.07,7.17,Debt Consolidation,I am currently between jobs but expect an offer soon.,1,neutral,0.8484305739402771,0
aefcfad8-efc8-4849-b3aa-7efe4458a885,36,50112,654,17465,15.03,10.61,Home Imp,I have a stable job and plan to pay this off early.,0,neutral,0.5154739618301392,0
a28defe3-9bf0-4273-9247-6f57a5e5a5ab,49,130909,661,41066,5.61,31.09,Education,Using this for home renovation which will increase asset value.,0,positive,0.7973698973655701,0
3eabedcb-baa8-4dd4-88bd-64072bcfbe01,31,78269,642,36826,13.85,39.59,Debt Consolidation,I have a lot of other debts but I promise to pay.,0,neutral,0.8092361092567444,0
451b4cf3-6123-4df7-b656-af7229d4beef,37,146440,732,34819,9.63,32.86,Education,Using this for home renovation which will increase asset value.,0,positive,0.7973698973655701,0
b02b61c4-a3d7-4628-ace6-6fa2fd5166e6,39,53534,676,8832,15.95,26.69,Business,My salary just increased so I can afford this loan.,0,positive,0.947860836982727,0
5304317f-af42-412f-b838-b3268e944239,54,45635,639,8727,24.16,8.2,Home Imp,Using this for home renovation which will increase asset value.,1,positive,0.7973698973655701,0
0e51f30d-c6a7-4e39-84b0-32ccd7c524a5,46,40713,624,42334,8.79,28.78,Education,My salary just increased so I can afford this loan.,0,positive,0.947860836982727,0
ce177b4e-0837-48a3-9261-a7ab3aa2e4f9,54,66467,693,22089,7.89,33.65,Home Imp,Overwhelmed by bills and need a quick fix.,0,negative,0.919330358505249,1
10f1bc81-448a-4a9e-a6b2-bc5b50c187fc,40,84929,718,25720,23.47,42.43,Debt Consolidation,I have a stable job and plan to pay this off early.,0,neutral,0.5154739618301392,0
9132b63e-f162-47e4-a9c3-49e03602f8ac,25,95468,715,18969,14.38,10.3,Business,Consolidating debt to reduce my overall monthly payments.,0,negative,0.7052075266838074,1
366eb16f-508e-4ad7-b7c9-3acfe059a0ee,39,45676,617,33716,21.43,33.14,Education,My salary just increased so I can afford this loan.,0,positive,0.947860836982727,0
e27a984d-6548-41d0-bfcd-9eb1a7cad415,21,112538,657,41346,9.94,31.54,Home Imp,I am very financially responsible and have savings.,0,neutral,0.8698418736457825,0
24933b83-7577-40a9-a491-f0b2ea1fca65,56,45374,635,22848,9.56,13.43,Business,Consolidating debt to reduce my overall monthly payments.,0,negative,0.7052075266838074,1
beb79919-3f22-4af8-a3be-d01d43cf2fde,53,89032,658,21457,22.96,38.84,Debt Consolidation,I have a stable job and plan to pay this off early.,0,neutral,0.5154739618301392,0
bf3c4c06-4343-48bc-89fa-6a688fb5d27b,21,68719,704,13573,17.2,15.48,Personal,I have a stable job and plan to pay this off early.,0,neutral,0.5154739618301392,0
956269f0-e5d7-4875-adad-d6c795a76d79,28,34862,724,14768,15.23,38.38,Education,I have a stable job and plan to pay this off early.,0,neutral,0.5154739618301392,0
ff50bde4-3825-47b8-9cab-cc97663f1c97,40,72795,682,7614,22.83,13.4,Home Imp,My salary just increased so I can afford this loan.,0,positive,0.947860836982727,0
7e570ddf-8270-40a8-a369-b584ff5e9ff0,47,106351,639,15128,23.4,14.47,Home Imp,I have never missed a payment in 10 years.,0,negative,0.7025801539421082,1
dc713d96-0c0f-4195-817a-f08a1745d6d8,22,48509,657,26770,20.32,21.47,Home Imp,I have a stable job and plan to pay this off early.,0,neutral,0.5154739618301392,0
28f49481-a0a0-4dc4-a720-9bdf1c11f735,45,139316,756,7537,21.96,13.9,Personal,Using this for home renovation which will increase asset value.,0,positive,0.7973698973655701,0
98ae4334-6c12-4ce8-ae34-0454cac5b68c,35,28101,659,48255,7.65,18.13,Debt Consolidation,I am very financially responsible and have savings.,0,neutral,0.8698418736457825,0
988c24c9-61b1-4d22-a280-1c4510435a10,53,77386,650,49532,24.59,26.45,Debt Consolidation,Need cash fast to cover some gambling losses.,1,positive,0.49670520424842834,0
405cacec-8774-49a9-b7d2-1e02ff01cf99,58,59795,650,7507,5.83,22.38,Business,I have a stable job and plan to pay this off early.,0,neutral,0.5154739618301392,0
f143262f-dc5c-4eed-8da0-365bf89897b9,45,142899,696,42787,7.59,6.78,Personal,I missed a few payments recently due to an emergency.,1,negative,0.9581639170646667,1
1d53434b-b881-49b9-ae27-0da702f06b90,64,119297,633,48950,7.74,22.25,Business,I have a stable job and plan to pay this off early.,0,neutral,0.5154739618301392,0
c0398710-8976-4334-a281-7efdae849217,67,142970,653,24681,14.4,31.68,Business,Using this for home renovation which will increase asset value.,0,positive,0.7973698973655701,0
5715bd6f-a416-4293-84c2-e2e3444ea7c8,33,80108,711,48576,23.72,32.09,Home Imp,My salary just increased so I can afford this loan.,0,positive,0.947860836982727,0
287d06ca-6f4c-469a-8b22-d3081c8eaee9,21,64829,679,23803,8.02,36.43,Education,I have never missed a payment in 10 years.,0,negative,0.7025801539421082,1
b8db0672-f42d-47cc-80d4-af5974273ca3,64,53010,665,38500,13.67,41.05,Home Imp,I am very financially responsible and have savings.,0,neutral,0.8698418736457825,0
f8cda88b-436d-46e2-b83c-fe0be037e5ed,61,106167,719,26966,5.51,43.08,Home Imp,Using this for home renovation which will increase asset value.,0,positive,0.7973698973655701,0
81f76d1c-2dbc-4134-830f-f46e8026695f,30,28201,620,8028,8.76,24.01,Debt Consolidation,My salary just increased so I can afford this loan.,0,positive,0.947860836982727,0
a013ac6e-deda-4e16-9b3d-bd5ce9a1fa6f,33,119155,657,30164,14.13,14.76,Debt Consolidation,I have a stable job and plan to pay this off early.,0,neutral,0.5154739618301392,0
81f631d4-a392-41a7-9777-a4774c66e0a8,70,80724,680,19341,7.28,43.32,Education,I have a stable job and plan to pay this off early.,0,neutral,0.5154739618301392,0
5fb8d16c-2720-497d-b2eb-d6899be578c7,50,42477,671,35450,17.85,44.52,Education,I have never missed a payment in 10 years.,0,negative,0.7025801539421082,1
f4188f3f-8a14-4e62-a95b-4715c333e861,60,131824,605,38081,12.67,41.27,Personal,I have never missed a payment in 10 years.,0,negative,0.7025801539421082,1
eb2263dd-87c5-421e-ac24-a3c5c754108f,49,58972,640,21203,21.56,16.09,Education,I have never missed a payment in 10 years.,0,negative,0.7025801539421082,1
7d154385-52fb-443b-9954-6eb400257ad1,25,118525,665,23725,8.54,18.43,Education,I have a lot of other debts but I promise to pay.,0,neutral,0.8092361092567444,0
5cec4eb5-edd9-4831-9ca3-5cfb04fc6d82,65,45028,679,19021,4.88,21.3,Education,I have a lot of other debts but I promise to pay.,0,neutral,0.8092361092567444,0
ce88cb2d-d4e8-4839-bc3e-058be0f3eab0,45,143598,691,43278,23.84,5.78,Education,My business is struggling but I hope this loan helps.,0,positive,0.6618829369544983,0
3da9c2a9-0ed4-4f1a-bd4c-bf374eb93eff,40,123759,671,30558,21.85,43.14,Personal,My salary just increased so I can afford this loan.,0,positive,0.947860836982727,0
14296c07-f26b-4776-913e-4de2e0c53cb8,35,88993,571,19380,9.37,24.43,Personal,I have a lot of other debts but I promise to pay.,1,neutral,0.8092361092567444,0
d0e6e660-7c69-4ee1-bb5e-4bcf15ed6269,67,46632,658,35630,23.27,44.23,Education,I missed a few payments recently due to an emergency.,1,negative,0.9581639170646667,1
885f6e66-c2b6-42c5-ba5d-310011b7e948,63,28552,658,10501,17.32,10.43,Personal,Consolidating debt to reduce my overall monthly payments.,0,negative,0.7052075266838074,1
a8e56e0c-20de-435d-a031-d750c40db9b4,34,84598,790,26420,10.76,40.19,Business,Consolidating debt to reduce my overall monthly payments.,0,negative,0.7052075266838074,1
2a45c2ab-8cbf-4db0-b264-accc79ac1b1e,26,86644,657,6270,19.6,7.08,Business,Overwhelmed by bills and need a quick fix.,0,negative,0.919330358505249,1
9b49bd26-df57-459a-8715-a10343dac043,23,123858,689,7033,23.92,12.97,Debt Consolidation,I have never missed a payment in 10 years.,0,negative,0.7025801539421082,1
edcd465e-3638-4821-b6e0-7cc06c52c49f,63,39993,715,41960,23.88,23.6,Business,I missed a few payments recently due to an emergency.,0,negative,0.9581639170646667,1
b09b2a5c-badc-432a-8159-0f538a0f4efb,68,119156,711,12506,20.22,11.55,Business,Consolidating debt to reduce my overall monthly payments.,1,negative,0.7052075266838074,1
66245bfa-4fcc-439a-b683-d2e6337ea2df,57,113781,742,29596,12.03,33.6,Debt Consolidation,Using this for home renovation which will increase asset value.,0,positive,0.7973698973655701,0
5f987c71-a65e-488e-abf3-ad39fec21bbe,27,116382,603,24764,21.78,29.02,Debt Consolidation,I have a stable job and plan to pay this off early.,0,neutral,0.5154739618301392,0
7394988f-847f-49b4-a64d-1bcb702753a1,43,94827,619,33074,17.72,7.76,Business,I have never missed a payment in 10 years.,0,negative,0.7025801539421082,1
1064005c-3985-43cf-bf76-be1d1efa2197,27,81822,638,28736,17.17,38.15,Home Imp,I am very financially responsible and have savings.,0,neutral,0.8698418736457825,0
8dcdcd03-969b-4662-8562-8059568cc69b,38,105728,593,40269,20.15,23.59,Education,I am currently between jobs but expect an offer soon.,1,neutral,0.8484305739402771,0
01d74256-3860-4ab6-96a4-02f23ae8cc93,38,140557,681,34543,8.74,23.59,Education,I have never missed a payment in 10 years.,0,negative,0.7025801539421082,1
0f1259e0-a18f-46b6-b535-106e122c9a56,41,48834,613,36952,8.06,36.91,Business,Consolidating debt to reduce my overall monthly payments.,0,negative,0.7052075266838074,1
080aadfb-e7c9-4b26-9141-25c63a9bedd4,56,26330,732,38857,23.88,8.42,Personal,I am very financially responsible and have savings.,0,neutral,0.8698418736457825,0
839fbc50-1223-4513-9496-f63cdc1110c1,51,109659,632,37166,13.14,5.69,Business,Consolidating debt to reduce my overall monthly payments.,0,negative,0.7052075266838074,1
7c441fe7-ab42-40a7-874a-493b3ceddf2d,63,101225,654,29184,13.68,26.24,Personal,Consolidating debt to reduce my overall monthly payments.,0,negative,0.7052075266838074,1
b92da22b-21df-406f-8a0b-3c3336d8393a,65,84473,707,22754,10.09,14.22,Home Imp,I am very financially responsible and have savings.,0,neutral,0.8698418736457825,0
93829b43-922f-415a-a1e3-db63ef7ddc76,32,50105,598,19180,19.38,16.06,Education,Consolidating debt to reduce my overall monthly payments.,0,negative,0.7052075266838074,1
7914c120-c8dc-419f-be35-11287900f7f9,27,134134,596,17721,9.87,19.44,Business,My business is struggling but I hope this loan helps.,1,positive,0.6618829369544983,0
1825bc54-30be-445f-a835-14f2ceb81f9d,23,32146,665,41264,9.78,42.76,Personal,Consolidating debt to reduce my overall monthly payments.,1,negative,0.7052075266838074,1
5ab33edf-6e59-4ed3-a8b3-17fa18d0752b,51,87746,680,33866,10.83,43.62,Business,I have a stable job and plan to pay this off early.,0,neutral,0.5154739618301392,0
dd2467ac-778e-4db3-a93d-ffbc6c6fa611,46,89454,706,9855,15.91,32.46,Home Imp,Consolidating debt to reduce my overall monthly payments.,0,negative,0.7052075266838074,1
a748dbcf-ac61-4e63-8dde-29a6baa4b71a,26,57530,687,12762,15.5,21.65,Education,My salary just increased so I can afford this loan.,0,positive,0.947860836982727,0
0f844fef-1931-49ee-a56c-0941fbf24050,45,84049,681,34014,9.89,28.54,Personal,My salary just increased so I can afford this loan.,0,positive,0.947860836982727,0
ccf3a171-56dc-4907-ba6c-34ab6712303a,68,38006,623,18617,16.95,15.59,Debt Consolidation,I am currently between jobs but expect an offer soon.,0,neutral,0.8484305739402771,0
310c0c00-3fa7-4104-9bf9-0e27dc96925e,31,25350,666,31772,13.19,28.75,Business,My business is struggling but I hope this loan helps.,1,positive,0.6618829369544983,0
23e2fcb4-72d8-467d-894a-05e430b187ef,65,137670,692,34755,5.03,14.34,Business,I am very financially responsible and have savings.,0,neutral,0.8698418736457825,0
766ecb15-474e-4c19-aef9-12766c006f61,33,80723,630,12521,15.21,30.91,Business,Need cash fast to cover some gambling losses.,0,positive,0.49670520424842834,0
134c6c92-ec5b-427c-9fde-4fbf3ff350bf,40,102993,763,42303,23.31,22.57,Personal,Consolidating debt to reduce my overall monthly payments.,0,negative,0.7052075266838074,1
db20a56e-dc81-4fe7-8eda-8bbb71710434,53,95776,692,37361,12.91,28.92,Personal,I have a stable job and plan to pay this off early.,0,neutral,0.5154739618301392,0
a6f2f7b8-0cf3-4b58-9910-8be58ce21ea3,26,55005,612,49190,21.47,28.01,Debt Consolidation,Consolidating debt to reduce my overall monthly payments.,0,negative,0.7052075266838074,1
03c72ba8-d605-4770-8a63-f881ffd0f9d5,57,30273,695,16481,13.62,31.06,Business,Overwhelmed by bills and need a quick fix.,1,negative,0.919330358505249,1
c0e9ab30-ed26-42e9-97e0-11b7f8102383,52,36959,705,35802,10.98,18.33,Debt Consolidation,I am very financially responsible and have savings.,0,neutral,0.8698418736457825,0
680ac07a-2a93-4d62-bc83-5dc0d9441fa5,52,62777,683,48423,23.82,37.54,Education,Consolidating debt to reduce my overall monthly payments.,1,negative,0.7052075266838074,1
dd59ba71-36b8-4481-bb3a-4e3e7c52fa17,41,40194,645,31488,22.1,38.0,Debt Consolidation,I have never missed a payment in 10 years.,0,negative,0.7025801539421082,1
2a25a888-0f02-4ad0-a706-7ef466aa9385,24,49586,622,38976,11.28,35.26,Personal,My salary just increased so I can afford this loan.,0,positive,0.947860836982727,0
63f2ae24-fc3d-4348-808d-4127610461e3,29,146591,675,23876,12.92,32.93,Debt Consolidation,Need cash fast to cover some gambling losses.,1,positive,0.49670520424842834,0
c8fe3ccd-c8b8-49c6-ad30-49cf43e458fc,66,45758,676,25365,15.34,27.09,Debt Consolidation,I have a stable job and plan to pay this off early.,0,neutral,0.5154739618301392,0
b253d218-6c4a-47ea-8906-17f2747b6dba,50,149133,680,12698,17.43,11.16,Business,I have never missed a payment in 10 years.,0,negative,0.7025801539421082,1
c88a618e-fed4-457d-bb02-6576f512c4c3,51,56946,734,34935,15.35,20.34,Education,I have a stable job and plan to pay this off early.,0,neutral,0.5154739618301392,0
7c967f79-b7e9-4aca-a970-65e18e46d534,38,126276,706,32193,10.81,36.51,Business,Consolidating debt to reduce my overall monthly payments.,0,negative,0.7052075266838074,1
37bb3eec-4bf5-4b52-b09d-258c27a0c3d7,58,101011,627,48249,14.03,10.94,Education,My salary just increased so I can afford this loan.,0,positive,0.947860836982727,0
bc594585-9445-48c0-8ef8-c2d6f7fd5646,45,84682,613,26088,22.2,44.23,Home Imp,I have never missed a payment in 10 years.,0,negative,0.7025801539421082,1
504867ba-bf7b-439b-8f9a-ea4b8acd4e10,23,66704,687,35996,18.66,37.46,Personal,I am very financially responsible and have savings.,0,neutral,0.8698418736457825,0
7a0ecfea-958c-49ba-8cd6-20c20ea2622b,30,89923,656,7426,6.21,43.61,Business,I have never missed a payment in 10 years.,0,negative,0.7025801539421082,1
87f7e1fb-da4b-49ca-ab5c-f46780bacd64,27,93937,704,34945,3.83,10.77,Home Imp,My business is struggling but I hope this loan helps.,1,positive,0.6618829369544983,0
82010c62-f5f5-4b22-8e8f-a8e0284d82e5,42,106691,695,31049,17.47,39.07,Education,I am very financially responsible and have savings.,0,neutral,0.8698418736457825,0
118a9d29-2f92-4996-99f1-95d014822f53,69,88956,664,40456,4.27,7.74,Business,I have never missed a payment in 10 years.,0,negative,0.7025801539421082,1
dca02eec-acda-4acc-9165-e21098543881,27,124663,632,46533,18.63,9.02,Home Imp,I have a stable job and plan to pay this off early.,0,neutral,0.5154739618301392,0
f10c718b-1eb0-438a-a75d-d5af3c365296,41,129352,600,8677,9.81,19.99,Home Imp,I am very financially responsible and have savings.,0,neutral,0.8698418736457825,0
94340a03-3f07-4814-91d6-3f78e3e9de99,32,47280,670,16473,5.2,39.83,Education,My salary just increased so I can afford this loan.,0,positive,0.947860836982727,0
14fcdd54-9e8f-4965-8a2c-827e98326856,30,55433,598,35221,17.21,23.38,Debt Consolidation,Consolidating debt to reduce my overall monthly payments.,0,negative,0.7052075266838074,1
90b2b633-956b-4c0c-a849-9b926b5252e3,64,96643,625,15353,5.09,42.81,Education,Overwhelmed by bills and need a quick fix.,1,negative,0.919330358505249,1
42c18a62-ef48-48d5-90fd-9d3f85d51695,37,84878,674,24799,7.78,20.39,Personal,My business is struggling but I hope this loan helps.,1,positive,0.6618829369544983,0
506e5a9a-b758-488d-ab73-295b344a54b8,57,63780,665,24348,3.97,38.2,Personal,I am very financially responsible and have savings.,0,neutral,0.8698418736457825,0
21813d25-6552-48a6-83ff-50113d1a85dd,70,122605,617,8214,23.08,34.81,Business,Consolidating debt to reduce my overall monthly payments.,0,negative,0.7052075266838074,1
750cab75-4ccc-4bc2-a53f-8a28abf3e3fc,35,108442,725,17460,16.85,32.11,Home Imp,I am very financially responsible and have savings.,0,neutral,0.8698418736457825,0
ef8c485b-c07a-40f2-add4-253b50f0fd0a,23,65492,715,33889,4.22,19.59,Home Imp,I am very financially responsible and have savings.,0,neutral,0.8698418736457825,0
9f044aed-7552-4327-8262-7f7312922f83,47,48021,685,18159,6.34,26.58,Business,Using this for home renovation which will increase asset value.,0,positive,0.7973698973655701,0
19985f15-ff00-4d4d-9020-59e4ff9ab5c2,37,144806,704,36578,24.3,16.81,Business,I have a stable job and plan to pay this off early.,0,neutral,0.5154739618301392,0
8181a8cc-3691-47eb-89a2-688b12c136e0,30,123848,700,19785,21.99,33.97,Personal,Consolidating debt to reduce my overall monthly payments.,0,negative,0.7052075266838074,1
5958a499-eeea-463e-a1e8-ac6843e42caf,26,128636,850,30858,3.8,26.46,Personal,Consolidating debt to reduce my overall monthly payments.,0,negative,0.7052075266838074,1
3e896c64-e117-4ac3-919c-4ea3e1805081,58,74941,712,46847,23.72,9.33,Home Imp,My salary just increased so I can afford this loan.,0,positive,0.947860836982727,0
702cdd20-2862-48b8-88f4-ef125e9953d2,41,144964,711,44982,8.26,7.53,Personal,I have never missed a payment in 10 years.,0,negative,0.7025801539421082,1
4d71c366-b41b-4143-8b10-550cd5704f32,28,43320,620,7971,23.84,17.17,Personal,I missed a few payments recently due to an emergency.,1,negative,0.9581639170646667,1
ce9e1a11-fcbb-4e59-bbdd-cf7c9c96e9ec,29,75940,653,34729,11.48,42.98,Education,Using this for home renovation which will increase asset value.,0,positive,0.7973698973655701,0
aaf91531-0200-41f0-8768-a84fa76afde6,47,110841,787,11489,21.42,29.63,Business,I have a lot of other debts but I promise to pay.,1,neutral,0.8092361092567444,0
ee87905e-4ca4-45ea-8dfa-6a56d12dbc9a,49,149591,586,20473,21.89,8.97,Business,Consolidating debt to reduce my overall monthly payments.,0,negative,0.7052075266838074,1
e0ccedc5-f05d-476e-9a84-a51aa9d3d7c7,24,77184,641,23080,7.58,9.89,Personal,I am very financially responsible and have savings.,0,neutral,0.8698418736457825,0
e3c43657-1d8c-4bac-83b4-09ef2260e70f,59,27799,710,8314,20.42,14.74,Home Imp,My salary just increased so I can afford this loan.,0,positive,0.947860836982727,0
27cb6f2a-8da0-4097-be0f-051b1b66b5a9,34,101858,634,19152,20.98,14.32,Home Imp,Consolidating debt to reduce my overall monthly payments.,0,negative,0.7052075266838074,1
35ebd32d-9ad6-40ab-8821-2ddb45b89cd9,30,42038,692,40403,8.89,11.98,Debt Consolidation,Using this for home renovation which will increase asset value.,0,positive,0.7973698973655701,0
afffcfd2-341e-440b-97c7-00aab7b56ea7,58,67437,665,6034,7.25,7.1,Personal,I have never missed a payment in 10 years.,0,negative,0.7025801539421082,1
81627cf1-4394-42e6-9a58-7e8aa25d6b29,49,126976,642,28726,14.53,9.36,Education,I am very financially responsible and have savings.,0,neutral,0.8698418736457825,0
e87d1c78-e7c4-41c7-8049-7b717d106c60,63,93347,567,24767,13.35,43.56,Debt Consolidation,I have never missed a payment in 10 years.,0,negative,0.7025801539421082,1
a2607723-17a0-4f49-8d01-280fd89a40c0,64,39150,667,37130,18.82,22.74,Debt Consolidation,Need cash fast to cover some gambling losses.,0,positive,0.49670520424842834,0
0b49452d-46d4-43f3-9450-281c6c6f7633,38,106830,631,46489,16.09,33.49,Personal,I have never missed a payment in 10 years.,0,negative,0.7025801539421082,1
217d65a0-c568-41cd-9563-f61600e85ece,53,104354,665,33193,5.63,33.07,Education,I have never missed a payment in 10 years.,0,negative,0.7025801539421082,1
295d6fbf-430f-401d-bad4-09e2a319dcb4,35,79239,691,27212,21.29,20.95,Debt Consolidation,Consolidating debt to reduce my overall monthly payments.,0,negative,0.7052075266838074,1
b4a69f3c-8d3a-4d99-b11c-21c9bdc14f1f,44,149989,723,15003,18.27,23.97,Debt Consolidation,I am currently between jobs but expect an offer soon.,0,neutral,0.8484305739402771,0
1ca3c448-0279-46a6-8f97-97b06d7ce3c9,68,121835,650,29421,20.95,27.25,Education,I am very financially responsible and have savings.,0,neutral,0.8698418736457825,0
b0e6a969-e213-42b0-b1ee-dba313432e61,28,78845,633,28173,22.28,42.65,Personal,Consolidating debt to reduce my overall monthly payments.,0,negative,0.7052075266838074,1
093923de-8bab-4e3b-a628-6bfbe767dcea,59,65953,600,28045,5.73,25.3,Home Imp,I have a stable job and plan to pay this off early.,0,neutral,0.5154739618301392,0
8d7248e2-951f-48d0-9e84-f058d5a804eb,43,135804,723,41455,11.4,35.5,Education,My salary just increased so I can afford this loan.,0,positive,0.947860836982727,0
0ab54bde-20a0-4502-ae06-809725e97977,70,132272,782,45745,16.69,30.71,Debt Consolidation,I am very financially responsible and have savings.,0,neutral,0.8698418736457825,0
eededb07-e623-4689-9d59-cd2a4eea04e7,38,28794,707,16823,9.38,35.5,Business,Need cash fast to cover some gambling losses.,0,positive,0.49670520424842834,0
0a368ce7-dc57-4131-b8e1-daa7cbceabde,57,111159,735,31265,5.0,34.64,Debt Consolidation,I have never missed a payment in 10 years.,0,negative,0.7025801539421082,1
ae9bec36-35c7-436c-9b99-62c6e61fecc0,47,84460,631,27340,6.88,17.47,Business,I have a stable job and plan to pay this off early.,0,neutral,0.5154739618301392,0
5a8aaeca-1a50-4ec3-aabc-25fa3fe12e47,24,45392,681,15316,19.72,6.99,Debt Consolidation,I have never missed a payment in 10 years.,0,negative,0.7025801539421082,1
dfed2c43-e256-46dc-8f54-86b7c7b5b2bc,59,82939,705,32143,9.37,35.2,Debt Consolidation,Overwhelmed by bills and need a quick fix.,0,negative,0.919330358505249,1
bfddc3d9-9ee3-4c2a-b94d-62046808593f,64,102743,508,36891,14.83,17.34,Home Imp,I have a stable job and plan to pay this off early.,0,neutral,0.5154739618301392,0
3c9ad14c-ee0c-4eb5-acfe-db992790cebd,34,64507,611,18843,20.0,35.57,Business,Overwhelmed by bills and need a quick fix.,0,negative,0.919330358505249,1
ccc56569-f9e8-4369-a999-b735dd56cc94,48,48028,741,13466,11.67,33.15,Education,Consolidating debt to reduce my overall monthly payments.,0,negative,0.7052075266838074,1
698c206f-e1a4-4e10-ad53-4dd0cf8ebc5a,25,77044,593,7772,12.88,23.39,Debt Consolidation,My salary just increased so I can afford this loan.,0,positive,0.947860836982727,0
ecab3301-bc8f-4d29-adea-94930658663a,46,117995,745,46952,12.48,9.61,Debt Consolidation,I missed a few payments recently due to an emergency.,0,negative,0.9581639170646667,1
696608aa-ee49-4329-884a-7b28550a1b46,50,134055,605,28714,5.39,38.78,Home Imp,I have a stable job and plan to pay this off early.,0,neutral,0.5154739618301392,0
bc2cbb0d-dd33-4cc7-ab7f-089acd5f4822,46,139101,628,25334,19.53,13.86,Home Imp,My salary just increased so I can afford this loan.,0,positive,0.947860836982727,0
28c13091-444d-410b-bf87-e362cf8d446a,53,50415,683,27896,11.05,43.33,Home Imp,Using this for home renovation which will increase asset value.,1,positive,0.7973698973655701,0
61ee411a-1bac-47a7-b386-f7a4c991603f,32,103957,674,15018,19.84,31.22,Home Imp,I have never missed a payment in 10 years.,0,negative,0.7025801539421082,1
787f2425-dbcc-4477-89e9-db0adf465290,69,98889,650,42976,13.15,41.97,Education,Consolidating debt to reduce my overall monthly payments.,0,negative,0.7052075266838074,1
eb1fa9f2-d10b-41d0-b317-347038f16a81,61,66436,742,14893,12.95,23.76,Business,Consolidating debt to reduce my overall monthly payments.,0,negative,0.7052075266838074,1
d20eac17-4e20-4d1a-9983-36e375d66ed4,53,34724,595,25342,13.43,6.5,Business,I am currently between jobs but expect an offer soon.,0,neutral,0.8484305739402771,0
39118497-3a43-42ba-9f0f-06cbcb9bc326,60,102867,662,38231,11.77,28.21,Debt Consolidation,I am very financially responsible and have savings.,0,neutral,0.8698418736457825,0
6601ddd0-3170-4437-a8f7-ef5a060edf5b,33,67143,692,44649,13.73,11.03,Debt Consolidation,Consolidating debt to reduce my overall monthly payments.,0,negative,0.7052075266838074,1
11c58ef0-dd46-4c09-8752-87aa5408f9ac,66,36053,671,38066,17.39,6.57,Personal,My salary just increased so I can afford this loan.,0,positive,0.947860836982727,0
59e4b671-4774-4c58-85f8-bc16f7860b50,31,72696,633,29435,23.24,20.5,Business,Overwhelmed by bills and need a quick fix.,0,negative,0.919330358505249,1
adf4e62d-6651-429e-8268-690ba43825b5,62,68863,634,9319,10.59,27.32,Personal,I am very financially responsible and have savings.,0,neutral,0.8698418736457825,0
54c63cd8-8945-4f27-97fa-2d8dfb2ca025,59,139462,720,14854,10.67,28.31,Home Imp,I am very financially responsible and have savings.,0,neutral,0.8698418736457825,0
e08596db-1d87-4966-8710-d430f071d879,65,111787,717,30687,6.27,33.35,Debt Consolidation,Consolidating debt to reduce my overall monthly payments.,0,negative,0.7052075266838074,1
94a1875d-2db6-4edb-82de-ffccf86c2ca2,29,112833,687,49919,23.12,8.74,Personal,My business is struggling but I hope this loan helps.,0,positive,0.6618829369544983,0
09cb3942-43f5-4a85-bbc9-f87af668a617,32,149671,638,19037,10.85,35.65,Home Imp,I am currently between jobs but expect an offer soon.,0,neutral,0.8484305739402771,0
587ef344-6f3f-420c-98b8-e4cc1bc044fc,39,135680,649,11628,14.42,26.59,Education,I missed a few payments recently due to an emergency.,1,negative,0.9581639170646667,1
6fb78271-504d-481f-8953-5b63ba81edd9,29,103282,669,29688,6.82,12.23,Education,I have a lot of other debts but I promise to pay.,0,neutral,0.8092361092567444,0
1d9af659-82ec-4f2d-bbf6-e16f9b3080d5,23,78852,671,28874,18.04,14.5,Personal,I have never missed a payment in 10 years.,0,negative,0.7025801539421082,1
30a900ad-939b-462d-a645-f129629c2ae3,35,94993,696,20674,10.15,37.34,Personal,Overwhelmed by bills and need a quick fix.,0,negative,0.919330358505249,1
6fa17735-b572-43d0-8b5c-ea6a41357e8c,57,82749,656,35256,20.04,36.12,Education,Using this for home renovation which will increase asset value.,0,positive,0.7973698973655701,0
ce777f00-ecf2-4e76-8519-7ff4006ed6e3,59,43140,699,21384,4.62,24.22,Business,I missed a few payments recently due to an emergency.,0,negative,0.9581639170646667,1
f0b5156b-b82c-4074-afd5-dea589d7fd6c,28,62363,703,10496,19.91,15.91,Education,Using this for home renovation which will increase asset value.,0,positive,0.7973698973655701,0
3270e4fa-abae-4f43-bcae-8081bdf070aa,49,140950,743,27910,23.51,21.6,Personal,I have a stable job and plan to pay this off early.,0,neutral,0.5154739618301392,0
f2e9702d-11e9-4daa-ae69-81a35d3d9e56,44,54430,661,6847,10.35,8.96,Business,My business is struggling but I hope this loan helps.,0,positive,0.6618829369544983,0
9f871ce7-5487-4d4f-abb7-a385aa0b7b14,51,116235,689,14095,19.82,23.76,Education,Consolidating debt to reduce my overall monthly payments.,1,negative,0.7052075266838074,1
1fe771d6-d917-4793-a9d3-c2e6505cc686,34,134440,670,14798,15.3,34.09,Education,Using this for home renovation which will increase asset value.,0,positive,0.7973698973655701,0
81d2c7de-4ce1-4b90-a669-7833b841d0a0,40,40970,617,8129,8.63,30.56,Education,I have a lot of other debts but I promise to pay.,0,neutral,0.8092361092567444,0
5380b904-688c-4015-aab9-7e494f2d4796,59,95261,773,6077,17.09,28.0,Home Imp,My business is struggling but I hope this loan helps.,0,positive,0.6618829369544983,0
8dedf9fb-4bb0-4f20-b27c-40266703b636,36,99798,727,32300,7.53,31.73,Education,I missed a few payments recently due to an emergency.,0,negative,0.9581639170646667,1
aa38d0a1-6ba2-4efe-b11c-6eb62095eef6,55,91496,707,38267,15.41,20.62,Personal,My business is struggling but I hope this loan helps.,1,positive,0.6618829369544983,0
bf85bf0e-ad64-456c-a10f-aa3ff0bbac67,37,122952,673,6064,11.18,7.7,Home Imp,My salary just increased so I can afford this loan.,0,positive,0.947860836982727,0
91b0e1d9-9d92-42af-ac8d-0e44e71e43a6,68,124179,629,26791,6.37,19.09,Business,Overwhelmed by bills and need a quick fix.,0,negative,0.919330358505249,1
d56f0350-8c45-4ce2-a7f4-8ad54d0b0d1a,50,116146,721,36361,17.08,37.46,Debt Consolidation,I have a stable job and plan to pay this off early.,0,neutral,0.5154739618301392,0
35ce8841-4973-4d6c-8dca-bfb7001a9a8b,39,51422,652,7870,20.51,40.43,Business,My salary just increased so I can afford this loan.,0,positive,0.947860836982727,0
9b4e2c24-9479-41e6-8927-7d9b6e0d2648,51,58202,682,7399,19.7,12.64,Business,Overwhelmed by bills and need a quick fix.,0,negative,0.919330358505249,1
7118e364-7709-4749-927e-ecfaa79ac9aa,42,60811,633,13157,20.69,22.48,Personal,I have never missed a payment in 10 years.,0,negative,0.7025801539421082,1
82dc4c8e-36b5-429a-acf5-e81e71316269,42,49486,672,37519,18.38,19.69,Education,I have a lot of other debts but I promise to pay.,0,neutral,0.8092361092567444,0
f5b78cc7-e6b3-4944-8b32-3e357922bac2,26,81440,640,44482,24.89,12.22,Business,Overwhelmed by bills and need a quick fix.,0,negative,0.919330358505249,1
a8aa7158-2b70-4525-bc67-f831cbc84759,39,65173,639,34223,16.46,22.04,Personal,My business is struggling but I hope this loan helps.,0,positive,0.6618829369544983,0
a9f25336-83f4-49a9-88a6-39d015b52908,60,82008,678,22993,17.25,36.66,Debt Consolidation,My business is struggling but I hope this loan helps.,1,positive,0.6618829369544983,0
17e8392a-55ce-45db-9e87-e04ca2086977,53,130001,603,49525,6.94,6.25,Education,Using this for home renovation which will increase asset value.,0,positive,0.7973698973655701,0
3c20592f-c04a-46c4-b3b6-3fe1d1843324,25,55932,590,47281,11.38,20.31,Education,I have never missed a payment in 10 years.,1,negative,0.7025801539421082,1
ce7ae7f6-3982-4cff-8f77-a665ac3c5640,44,73760,628,34094,19.91,27.96,Education,Consolidating debt to reduce my overall monthly payments.,0,negative,0.7052075266838074,1
0bd4a990-0640-4e0f-a5b8-fd4b32fa2de8,36,39869,647,6698,19.32,24.96,Personal,My business is struggling but I hope this loan helps.,0,positive,0.6618829369544983,0
9c7c7377-79a2-4903-bbe3-3b243eae0032,66,83493,709,19062,24.92,16.42,Personal,I am currently between jobs but expect an offer soon.,0,neutral,0.8484305739402771,0
74962764-12a4-4ef0-84bb-b7a9d98868dd,49,47630,651,34170,24.94,37.42,Business,My salary just increased so I can afford this loan.,0,positive,0.947860836982727,0
935f2b0a-a138-4ddc-a2d9-de5d6a18ce4c,55,63058,661,24657,21.8,33.47,Home Imp,I have a stable job and plan to pay this off early.,0,neutral,0.5154739618301392,0
624c69b6-b244-45a7-b7e5-848131c681ec,33,128817,661,14101,8.59,24.76,Business,My salary just increased so I can afford this loan.,0,positive,0.947860836982727,0
25c73c44-3e75-43b4-a64f-a6637e8f8095,29,105209,687,10650,4.91,20.93,Personal,My salary just increased so I can afford this loan.,0,positive,0.947860836982727,0
e4855aa1-016b-4287-b008-05cca7f36ae9,25,41426,616,25776,17.31,23.0,Education,My salary just increased so I can afford this loan.,0,positive,0.947860836982727,0
e2add909-c521-4f2d-9c45-d539c03f3538,61,102042,664,16925,20.01,10.16,Education,I am currently between jobs but expect an offer soon.,0,neutral,0.8484305739402771,0
3805f907-6cd6-4193-8746-8f591b494e15,54,45056,679,24931,7.04,17.91,Home Imp,Consolidating debt to reduce my overall monthly payments.,0,negative,0.7052075266838074,1
b227462c-f53d-4330-8dda-24ba2d06e8cf,26,57847,672,17864,17.15,27.03,Home Imp,I have a stable job and plan to pay this off early.,0,neutral,0.5154739618301392,0
8eb22579-0cdb-4ca4-b6ec-bdd68498e113,53,109015,672,16051,16.22,28.23,Home Imp,My salary just increased so I can afford this loan.,0,positive,0.947860836982727,0
1f115b76-d92c-4227-aadf-50853fcb7546,42,135432,678,41937,4.39,39.55,Debt Consolidation,I missed a few payments recently due to an emergency.,1,negative,0.9581639170646667,1
76f2dbfe-cd29-436f-a222-82e174daaebf,37,110344,696,18815,19.99,21.66,Debt Consolidation,Consolidating debt to reduce my overall monthly payments.,0,negative,0.7052075266838074,1
8f15ba58-fce6-4504-87f8-424daae65fc1,62,64596,770,36650,8.76,37.29,Personal,I am currently between jobs but expect an offer soon.,0,neutral,0.8484305739402771,0
c1581092-f335-4ba3-913a-7052986f9025,31,82619,628,32238,13.91,13.16,Education,Consolidating debt to reduce my overall monthly payments.,0,negative,0.7052075266838074,1
d0a44432-9cd6-4852-b14c-7df4e4347d51,67,137823,787,27634,24.47,10.23,Business,Need cash fast to cover some gambling losses.,0,positive,0.49670520424842834,0
6d3ee1dc-8139-4443-a45b-712eb8225688,50,41059,617,22529,13.17,10.64,Debt Consolidation,My salary just increased so I can afford this loan.,0,positive,0.947860836982727,0
722764e6-8c41-461b-a827-a1b9d4a02e53,47,57541,555,15466,20.99,42.35,Business,My salary just increased so I can afford this loan.,1,positive,0.947860836982727,0
dc8aee30-be60-43f7-a8be-9288e5af6e39,50,90373,641,25220,14.19,8.6,Personal,Using this for home renovation which will increase asset value.,0,positive,0.7973698973655701,0
c074718e-425a-409f-b337-c59979844388,58,71254,681,8188,4.59,24.8,Personal,I am currently between jobs but expect an offer soon.,0,neutral,0.8484305739402771,0
46fde062-a33d-47af-9701-410d3f4b1a70,48,42555,752,22332,19.14,35.55,Business,My salary just increased so I can afford this loan.,1,positive,0.947860836982727,0
7c0e8cd8-8573-4793-8715-b2b9c40c5d91,33,72516,619,41256,9.7,20.45,Personal,My salary just increased so I can afford this loan.,0,positive,0.947860836982727,0
709b7d97-464c-44af-bd3f-3799a07295e9,64,105090,695,12786,6.27,8.87,Business,Consolidating debt to reduce my overall monthly payments.,0,negative,0.7052075266838074,1
3c07c574-4925-4af1-b6aa-e05b13d5f2f7,69,43909,592,18045,16.45,21.06,Debt Consolidation,Consolidating debt to reduce my overall monthly payments.,1,negative,0.7052075266838074,1
e49d681d-51d8-4c64-95fa-1ab8458f1f19,51,93069,760,34949,6.7,40.73,Home Imp,Need cash fast to cover some gambling losses.,1,positive,0.49670520424842834,0
269cd696-236c-4b87-94a0-bccb8a476a87,46,105805,730,24610,16.27,25.29,Education,Consolidating debt to reduce my overall monthly payments.,0,negative,0.7052075266838074,1
271e3ee2-b1a6-41f1-a20e-99d33b33f3d8,51,131921,652,6090,11.42,31.95,Personal,I am very financially responsible and have savings.,0,neutral,0.8698418736457825,0
6a34c854-1071-4d51-b6c5-9dacb4d7e28e,65,107478,585,6746,16.33,15.62,Education,My salary just increased so I can afford this loan.,0,positive,0.947860836982727,0
7746d0ba-8ae8-405b-94b4-a48268586eba,51,47349,727,39356,17.02,29.79,Personal,I have a stable job and plan to pay this off early.,0,neutral,0.5154739618301392,0
d5385b0e-34f3-493c-8ff0-a55c6a702e2f,57,149283,674,12202,7.6,22.64,Personal,I have never missed a payment in 10 years.,0,negative,0.7025801539421082,1
c51155ff-e7a3-4e81-a3b4-c08b6b8e869f,53,126577,737,45073,23.29,39.91,Debt Consolidation,My salary just increased so I can afford this loan.,0,positive,0.947860836982727,0
05000bc6-b20d-4b6e-b231-1f1795863a76,41,111799,672,36350,14.8,17.55,Home Imp,My salary just increased so I can afford this loan.,0,positive,0.947860836982727,0
9360715f-c3fe-4183-a172-b725db52ca58,43,113587,675,49613,17.33,32.73,Education,Consolidating debt to reduce my overall monthly payments.,0,negative,0.7052075266838074,1
f1578470-0182-47c4-ba1b-58066160a6b4,56,64124,640,19736,23.74,44.29,Business,I have never missed a payment in 10 years.,0,negative,0.7025801539421082,1
63d62a39-c0e3-4efd-8c71-e0fe5a0cdd7c,41,87888,698,27859,15.55,42.38,Business,My salary just increased so I can afford this loan.,0,positive,0.947860836982727,0
d5f25073-f414-42b1-a442-9ebbda7b9095,45,142409,684,30856,21.1,43.18,Home Imp,Overwhelmed by bills and need a quick fix.,1,negative,0.919330358505249,1
bc10fa52-bf5d-4fdf-89c8-d2ab6b44fa8d,26,70398,689,33991,17.6,34.89,Home Imp,My salary just increased so I can afford this loan.,0,positive,0.947860836982727,0
e5d6f6e6-9a6e-42f5-8cc4-29038bcf53a1,65,60601,585,13996,5.85,34.64,Home Imp,I missed a few payments recently due to an emergency.,1,negative,0.9581639170646667,1
45df16b6-382c-443f-bcfc-9b793875394c,35,108616,735,20259,4.63,21.53,Personal,I have a stable job and plan to pay this off early.,0,neutral,0.5154739618301392,0
638c254c-076e-4bba-bc53-08bf6f92f25e,56,146778,756,15350,12.25,42.4,Personal,My business is struggling but I hope this loan helps.,0,positive,0.6618829369544983,0
cc530e36-addc-4e13-ab3b-4d37560c95ee,41,62409,668,47329,4.77,35.75,Education,I have a stable job and plan to pay this off early.,0,neutral,0.5154739618301392,0
d72b6108-2a40-4f12-b963-f37f67814c1f,32,79773,768,16520,23.58,6.45,Personal,Overwhelmed by bills and need a quick fix.,0,negative,0.919330358505249,1
fb10987f-20ac-4703-ab67-146a77a6e17c,39,139916,765,7455,3.7,27.72,Debt Consolidation,I have never missed a payment in 10 years.,0,negative,0.7025801539421082,1
e82c7d7b-06e7-45f9-88bc-539c9f4c3b79,62,96211,701,39361,14.12,42.54,Education,I am currently between jobs but expect an offer soon.,0,neutral,0.8484305739402771,0
a9ba5a27-907b-4e36-9786-48f864de82e6,42,46298,727,35075,17.44,33.74,Debt Consolidation,My salary just increased so I can afford this loan.,0,positive,0.947860836982727,0
6db99102-a48b-4dbe-957d-94a106f028ff,64,124258,727,17659,7.27,39.25,Personal,I have a stable job and plan to pay this off early.,0,neutral,0.5154739618301392,0
2e85cb21-7631-4e9d-9de9-f86322bd3388,46,112720,584,11251,7.47,10.62,Business,I have a lot of other debts but I promise to pay.,0,neutral,0.8092361092567444,0
53cd6268-610c-4373-8299-9aa40cdf742b,36,83554,653,22497,24.01,17.08,Education,Overwhelmed by bills and need a quick fix.,1,negative,0.919330358505249,1
56666f9f-53ac-4ab9-b467-2cd9362f5e5c,36,33142,692,48764,6.04,17.27,Personal,I am very financially responsible and have savings.,0,neutral,0.8698418736457825,0
473bd358-610e-4a64-a130-1617c2dff335,70,65760,744,12694,17.23,42.63,Business,Using this for home renovation which will increase asset value.,0,positive,0.7973698973655701,0
6bebac31-d4f8-4d72-b382-1cfdc083b73a,51,45078,590,34817,19.58,29.23,Personal,My salary just increased so I can afford this loan.,0,positive,0.947860836982727,0
78660765-14f7-4e8d-95bc-b8d04094dded,63,133213,591,19313,19.88,32.21,Education,I have a lot of other debts but I promise to pay.,0,neutral,0.8092361092567444,0
0d557b61-8a17-4dfe-bfc0-0dc804f64d86,54,117244,670,28709,5.18,27.57,Debt Consolidation,Using this for home renovation which will increase asset value.,0,positive,0.7973698973655701,0
39669fa7-5997-4043-b3b1-025bfff9f585,57,95341,565,14820,7.04,39.18,Personal,I missed a few payments recently due to an emergency.,1,negative,0.9581639170646667,1
f510ab53-c7fe-439f-9190-f938a66fd7f7,52,36919,652,38447,13.08,7.23,Home Imp,I have a stable job and plan to pay this off early.,0,neutral,0.5154739618301392,0
07f194f9-c115-4d6d-8a4e-5b70a6d964a3,56,85604,685,49090,20.85,33.93,Personal,Need cash fast to cover some gambling losses.,0,positive,0.49670520424842834,0
d6d7b3b8-3309-4d35-bf4d-f561f319c125,58,34572,609,7968,12.61,33.02,Education,I have a stable job and plan to pay this off early.,0,neutral,0.5154739618301392,0
3d114802-2702-478b-9f0f-da8d05379ff6,51,29159,652,23814,12.29,35.76,Personal,I have never missed a payment in 10 years.,0,negative,0.7025801539421082,1
1d48a071-ab61-47b1-b93b-4c3220500494,45,74236,712,10259,18.18,31.47,Education,I have a stable job and plan to pay this off early.,0,neutral,0.5154739618301392,0
770c7798-37cc-463b-b2a0-345990604f62,32,95419,642,30759,14.87,34.11,Home Imp,Consolidating debt to reduce my overall monthly payments.,0,negative,0.7052075266838074,1
5e6fea07-c453-4f1d-8199-2fdfb31022f0,50,113276,633,40680,12.62,20.17,Home Imp,Consolidating debt to reduce my overall monthly payments.,0,negative,0.7052075266838074,1
f6b751f7-9b74-4245-9b1b-c8952af43ab7,33,147868,674,12395,4.19,31.41,Education,I have a stable job and plan to pay this off early.,0,neutral,0.5154739618301392,0
c71d5e60-1d52-46ab-b7e6-427cbf780e3f,36,52011,608,9409,5.67,6.34,Education,Using this for home renovation which will increase asset value.,0,positive,0.7973698973655701,0
4fa03f26-f6f7-40cc-a9ec-8e49d1bdb8c0,68,30798,754,31362,12.94,26.59,Debt Consolidation,Using this for home renovation which will increase asset value.,0,positive,0.7973698973655701,0
edcb8cb6-0692-4c63-9424-aed51bac5c15,67,100511,671,25899,15.92,35.9,Business,I am very financially responsible and have savings.,0,neutral,0.8698418736457825,0
e87466d7-ad66-41bd-9367-6a024fdc6e1b,54,53972,625,32103,9.96,7.44,Education,I am very financially responsible and have savings.,0,neutral,0.8698418736457825,0
f1043785-658b-4523-a014-1de9f54ad0a2,64,80994,676,41428,14.16,43.89,Personal,I have never missed a payment in 10 years.,0,negative,0.7025801539421082,1
9793b9b4-1374-4146-b2c5-bd89b70b3420,47,44558,653,24653,11.59,35.18,Personal,I am very financially responsible and have savings.,0,neutral,0.8698418736457825,0
3e2b6091-a092-452a-94a0-57a7b0cc1b3b,30,130614,665,35344,23.17,27.5,Personal,Need cash fast to cover some gambling losses.,0,positive,0.49670520424842834,0
4d3485c5-c5c1-4eb4-b27b-3d901a16342c,37,51651,633,26644,17.4,41.89,Business,Need cash fast to cover some gambling losses.,1,positive,0.49670520424842834,0
ce3714af-99b4-4350-af2b-99b4d9acd158,24,60187,633,29718,17.98,29.12,Debt Consolidation,I am very financially responsible and have savings.,0,neutral,0.8698418736457825,0
90e0f4a0-fbdd-4933-8bd5-8bf61efd76e9,63,98249,593,19222,13.81,39.78,Business,Need cash fast to cover some gambling losses.,1,positive,0.49670520424842834,0
8861fe18-58e2-4888-8a83-81bec85aca46,33,122186,742,12688,19.56,35.17,Home Imp,I have never missed a payment in 10 years.,0,negative,0.7025801539421082,1
11a72609-5edd-4bbf-a959-76636daa2e68,36,97362,698,26077,20.17,20.23,Education,Consolidating debt to reduce my overall monthly payments.,0,negative,0.7052075266838074,1
033d2bce-575a-4d2c-a5c5-650c8186a576,53,140711,693,37589,13.52,37.11,Personal,Using this for home renovation which will increase asset value.,0,positive,0.7973698973655701,0
7d7ddbed-d284-476c-ab88-f83dd97dc9cd,44,66015,656,32127,4.48,39.56,Home Imp,I missed a few payments recently due to an emergency.,1,negative,0.9581639170646667,1
5cb85aed-f5f6-4c97-aefb-63b11b049863,58,119373,626,32366,9.85,12.85,Home Imp,I have never missed a payment in 10 years.,0,negative,0.7025801539421082,1
75b17a55-d426-4982-a43e-4288a2b5b498,56,110800,634,49882,10.76,35.53,Personal,I have never missed a payment in 10 years.,0,negative,0.7025801539421082,1
2d174fc9-6f7c-45ea-a72a-6d8eb5122df8,50,47050,588,28080,7.14,33.81,Personal,Overwhelmed by bills and need a quick fix.,1,negative,0.919330358505249,1
a6846099-f729-4951-8591-31d2bbda0242,24,93674,636,7216,21.54,7.97,Debt Consolidation,I am very financially responsible and have savings.,0,neutral,0.8698418736457825,0
eb6c1016-cee6-44d0-9dac-6e8345241ea6,35,33908,602,14897,3.7,25.23,Business,I missed a few payments recently due to an emergency.,1,negative,0.9581639170646667,1
7701f7bb-7bc6-4e1f-864e-e6e389c5b31a,51,111413,756,36972,3.84,26.29,Personal,My business is struggling but I hope this loan helps.,1,positive,0.6618829369544983,0
97ac6aa8-bb24-48a3-9363-57b66f81cf4f,55,62576,706,6123,14.3,32.91,Personal,I have a stable job and plan to pay this off early.,0,neutral,0.5154739618301392,0
3ed8c56c-da09-4fa0-9282-8d8044b591f7,27,93732,672,14758,8.68,29.79,Business,I have never missed a payment in 10 years.,0,negative,0.7025801539421082,1
4767d76c-162f-4a24-af43-613cd4aac9a3,26,73896,621,31609,13.37,14.73,Home Imp,I have a stable job and plan to pay this off early.,0,neutral,0.5154739618301392,0
c01f36bf-3e6d-458b-b367-c28de1b294de,62,137488,625,47591,19.83,8.74,Personal,I am very financially responsible and have savings.,0,neutral,0.8698418736457825,0
ab0e664e-9c3e-42d5-91e1-aa9676f72255,21,117123,663,16231,5.28,38.81,Business,I have a stable job and plan to pay this off early.,0,neutral,0.5154739618301392,0
7e8adee7-0758-4201-961e-16d16105716b,54,145475,725,7788,8.44,41.05,Education,I am currently between jobs but expect an offer soon.,0,neutral,0.8484305739402771,0
7cd0129d-2e8d-4e87-9334-20e6d9d80b8d,64,146318,774,23374,22.84,27.54,Debt Consolidation,I am currently between jobs but expect an offer soon.,1,neutral,0.8484305739402771,0
4223623b-cc3e-4dde-9ad5-cf06364d7c87,34,101943,600,14449,19.67,33.51,Personal,My salary just increased so I can afford this loan.,0,positive,0.947860836982727,0
989d9d4a-e15c-4666-8797-b2c957207246,36,99277,698,30503,18.06,26.62,Personal,Overwhelmed by bills and need a quick fix.,0,negative,0.919330358505249,1
8e485223-46b9-4991-a14e-b70db380c73a,67,35279,624,37819,19.53,18.83,Debt Consolidation,Consolidating debt to reduce my overall monthly payments.,0,negative,0.7052075266838074,1
30e912f2-f2b4-4abf-8441-aefd0299436a,59,125795,650,45230,24.03,20.87,Business,I have a lot of other debts but I promise to pay.,1,neutral,0.8092361092567444,0
680bac63-b856-4035-bdc9-829015eabb27,52,54902,663,28318,15.39,20.02,Home Imp,I have a stable job and plan to pay this off early.,0,neutral,0.5154739618301392,0
3d85de89-c217-4429-8e20-07247d137018,70,106083,629,24357,20.66,33.52,Debt Consolidation,I am very financially responsible and have savings.,0,neutral,0.8698418736457825,0
b63b4dc3-a559-4463-b9e1-3ceab0cbc61f,30,121948,662,30534,10.31,9.26,Debt Consolidation,Consolidating debt to reduce my overall monthly payments.,0,negative,0.7052075266838074,1
046a0df5-cafd-4613-b2bb-912d7da67785,27,42367,613,10721,7.53,22.95,Education,I am currently between jobs but expect an offer soon.,0,neutral,0.8484305739402771,0
6786d506-38ba-4abc-8b53-05e517d2582e,43,97642,640,11099,16.33,36.38,Personal,I have a stable job and plan to pay this off early.,0,neutral,0.5154739618301392,0
a9f948b2-4e63-44bb-be49-3f43b118f68d,67,143113,716,41669,22.96,44.13,Education,Using this for home renovation which will increase asset value.,0,positive,0.7973698973655701,0
8db06746-7927-4973-9e78-1fd794e0d3ba,29,60247,667,24734,9.27,10.84,Home Imp,I have never missed a payment in 10 years.,0,negative,0.7025801539421082,1
ff233d5f-6ced-415d-9800-7c0287ea7ff5,25,72333,702,21495,23.8,33.84,Personal,I am currently between jobs but expect an offer soon.,0,neutral,0.8484305739402771,0
5a104129-54ae-4d1b-8ce6-424dbef59fe6,29,64932,629,5443,23.9,18.29,Education,I have never missed a payment in 10 years.,0,negative,0.7025801539421082,1
4e7ed827-455a-4762-b428-a656b3ee4d3b,42,81441,694,47666,24.45,10.44,Business,I have never missed a payment in 10 years.,0,negative,0.7025801539421082,1
b8a6171f-1ee3-4dc4-bb04-8a8b405bfdc9,41,48283,578,31099,24.33,16.66,Personal,Consolidating debt to reduce my overall monthly payments.,0,negative,0.7052075266838074,1
be2d740a-1e9b-43bc-90c7-c006314d3441,45,61739,664,30751,11.35,42.28,Home Imp,I am very financially responsible and have savings.,0,neutral,0.8698418736457825,0
b0ae8f08-c31e-4bbc-b36c-b62b892e6161,70,97102,701,6763,23.99,23.46,Home Imp,I am very financially responsible and have savings.,0,neutral,0.8698418736457825,0
bd1531c8-3764-4bda-b108-d4482f65fafa,25,132343,593,31813,17.97,10.57,Business,Overwhelmed by bills and need a quick fix.,1,negative,0.919330358505249,1
96ef2ad6-b97e-4703-86c8-adfe7bf47042,48,128425,643,29706,5.09,44.63,Personal,I am very financially responsible and have savings.,0,neutral,0.8698418736457825,0
98c7472a-864e-4a13-829c-fc0cfa02eaec,47,96256,671,7409,20.5,19.38,Education,I have a stable job and plan to pay this off early.,0,neutral,0.5154739618301392,0
d52721e7-19bc-443e-bb02-bebb48729a4d,70,57536,711,48096,17.79,11.65,Education,I am very financially responsible and have savings.,0,neutral,0.8698418736457825,0
5c62b3a2-3a3c-463e-8bd6-cee631b1b099,62,77378,636,26731,24.26,22.22,Debt Consolidation,Overwhelmed by bills and need a quick fix.,1,negative,0.919330358505249,1
b540b30e-039f-4a25-8d61-68bd2defe193,54,98137,696,43044,18.28,13.84,Business,My salary just increased so I can afford this loan.,0,positive,0.947860836982727,0
0ba6eab9-4639-447b-a067-bdac88bd13d1,65,90597,740,14879,10.92,5.98,Debt Consolidation,I have a stable job and plan to pay this off early.,0,neutral,0.5154739618301392,0
4ac9778d-8da8-4ee4-8df5-6ac6f96b648a,28,133962,705,14284,10.99,18.72,Home Imp,I have a stable job and plan to pay this off early.,0,neutral,0.5154739618301392,0
a34b6cf6-2053-4a42-b1af-db65b289f224,49,119633,663,34651,10.36,17.01,Debt Consolidation,I am currently between jobs but expect an offer soon.,1,neutral,0.8484305739402771,0
1a432f0a-7daa-49f0-80b6-fce2de53790a,64,129864,694,15771,23.49,34.62,Education,My salary just increased so I can afford this loan.,1,positive,0.947860836982727,0
48ca7651-92f5-4f7b-8323-d342df6a8f93,48,85562,636,20194,20.65,30.19,Home Imp,I have a stable job and plan to pay this off early.,0,neutral,0.5154739618301392,0
5738811d-70c2-403f-ba8d-03aa782a65e0,68,105492,675,17931,13.17,22.18,Debt Consolidation,I am very financially responsible and have savings.,0,neutral,0.8698418736457825,0
40a26c60-0d27-4659-b72a-da9b2f32751e,25,100674,662,11668,20.69,26.48,Business,Consolidating debt to reduce my overall monthly payments.,0,negative,0.7052075266838074,1
1d34d08e-7a4c-45d4-9c99-e04cf0e98b3b,63,138067,694,37078,14.85,30.56,Education,I have a stable job and plan to pay this off early.,0,neutral,0.5154739618301392,0
7de31a51-6694-4343-90ba-58e3d2762bdc,43,71135,643,35006,16.77,37.55,Business,I am very financially responsible and have savings.,0,neutral,0.8698418736457825,0
afbb411a-a123-4a8c-93b7-a88612f70c97,29,66049,682,12724,8.63,9.68,Business,I have never missed a payment in 10 years.,0,negative,0.7025801539421082,1
cfa701cd-2631-400b-a6d7-94d30db95301,59,43070,637,42670,11.75,12.43,Education,Using this for home renovation which will increase asset value.,0,positive,0.7973698973655701,0
15ce6a66-4dc8-4a1e-b2f9-e5fa90164161,56,46871,702,37089,9.71,12.48,Personal,I have a stable job and plan to pay this off early.,0,neutral,0.5154739618301392,0
8edddfcd-1e52-4770-bf89-7142fe716b14,52,42895,642,17787,21.03,43.55,Education,I have never missed a payment in 10 years.,0,negative,0.7025801539421082,1
989bc4da-9b37-422b-aa8a-616fc3b290d0,47,118079,571,34088,14.01,8.31,Debt Consolidation,I have a stable job and plan to pay this off early.,0,neutral,0.5154739618301392,0
c693da11-39c6-41ca-9e50-aa42ca6dfda1,38,54470,610,40232,9.71,36.23,Education,My salary just increased so I can afford this loan.,0,positive,0.947860836982727,0
e893be3d-7354-4a6f-a160-745985c7504b,53,39838,658,42533,5.96,36.0,Business,I am very financially responsible and have savings.,0,neutral,0.8698418736457825,0
96a9954f-dc33-41f9-8c1f-55ab715629ee,49,96611,753,19322,24.78,9.1,Home Imp,I have never missed a payment in 10 years.,0,negative,0.7025801539421082,1
9191b363-4e2d-4645-adc7-cac7fd72b050,37,70688,705,10700,12.94,44.76,Home Imp,Overwhelmed by bills and need a quick fix.,1,negative,0.919330358505249,1
f5c9b047-9c10-4572-8f6b-40d09efba58b,43,137859,567,44994,17.1,11.64,Home Imp,I have a stable job and plan to pay this off early.,0,neutral,0.5154739618301392,0
c342bd2b-f295-456e-9967-5f06bd767e35,57,70982,590,39883,9.54,26.55,Business,My salary just increased so I can afford this loan.,0,positive,0.947860836982727,0
43bfd931-3605-4f54-a021-c0ca3531968d,38,149832,737,38712,24.69,32.17,Debt Consolidation,I have a lot of other debts but I promise to pay.,1,neutral,0.8092361092567444,0
3d67cde9-2834-44c0-94c8-b3b4a911d192,24,61349,693,47984,6.23,39.64,Home Imp,Using this for home renovation which will increase asset value.,0,positive,0.7973698973655701,0
2812859a-1337-439e-8d4f-5d272c7f0b79,69,135566,790,49317,11.94,10.69,Business,I have a stable job and plan to pay this off early.,0,neutral,0.5154739618301392,0
b07aa066-7354-45ea-a894-9b8d00af5b3a,61,129149,652,11101,12.16,34.99,Business,My salary just increased so I can afford this loan.,0,positive,0.947860836982727,0
085b15fb-4a8f-4810-b84c-2f29980402a2,21,138889,635,11104,19.22,23.34,Business,I have never missed a payment in 10 years.,0,negative,0.7025801539421082,1
48603b32-b4fb-4eb9-89c1-3de73b4206c5,34,81314,669,18883,14.14,17.91,Business,My salary just increased so I can afford this loan.,0,positive,0.947860836982727,0
1238d630-743b-45a2-9c0f-2fcfb3f6fe0d,52,128324,651,27527,22.72,35.49,Debt Consolidation,I have a lot of other debts but I promise to pay.,1,neutral,0.8092361092567444,0
43b9da13-ec85-4f37-bbc1-a987aff8754d,22,41284,710,15353,12.99,5.03,Personal,Using this for home renovation which will increase asset value.,0,positive,0.7973698973655701,0
96fc734d-a003-4d28-8a8f-3653c9af18f8,62,64566,637,15418,22.3,40.06,Debt Consolidation,Consolidating debt to reduce my overall monthly payments.,0,negative,0.7052075266838074,1
32a447b2-ef04-457d-8dcc-c33aa9434aa0,63,143462,665,47527,7.06,20.85,Business,I have never missed a payment in 10 years.,0,negative,0.7025801539421082,1
398d1ca6-8b68-40b5-9d61-fac36cd5e859,62,36953,608,11237,3.52,24.07,Home Imp,I have never missed a payment in 10 years.,0,negative,0.7025801539421082,1
44007d5a-e88d-4719-a624-2b40a5cb63a2,21,26056,693,27516,21.07,44.53,Personal,Using this for home renovation which will increase asset value.,0,positive,0.7973698973655701,0
0f44704f-1247-4a4e-a469-98e8d39e198b,45,36708,611,11712,5.72,19.7,Business,Need cash fast to cover some gambling losses.,1,positive,0.49670520424842834,0
9854ce4e-4ebf-45c3-8ae9-b4a72a79ea68,62,113753,693,14362,4.97,27.53,Education,I am very financially responsible and have savings.,0,neutral,0.8698418736457825,0
ebd34616-91b7-4d8e-9301-6989bfbbb17f,34,107323,765,14920,23.28,29.64,Personal,I am currently between jobs but expect an offer soon.,0,neutral,0.8484305739402771,0
77fc9703-1fd5-4423-b06c-5c5649e2623d,29,123624,585,13071,16.18,20.36,Personal,Consolidating debt to reduce my overall monthly payments.,1,negative,0.7052075266838074,1
670acc5c-b321-4f21-8dd8-eb85b04d3376,62,36042,732,21263,15.4,29.0,Education,I am currently between jobs but expect an offer soon.,1,neutral,0.8484305739402771,0
8a3c3b5e-801e-41da-85b1-ed25f1533ae8,63,139796,691,24768,7.92,29.28,Home Imp,I have a stable job and plan to pay this off early.,0,neutral,0.5154739618301392,0
9918ee46-1497-4658-b010-f7197e695d0d,36,89865,611,30289,5.92,24.98,Education,I am currently between jobs but expect an offer soon.,1,neutral,0.8484305739402771,0
bc0a6a5d-6e99-4e3e-a3b1-37fc0a3450fc,44,147411,684,25740,6.34,39.43,Education,Using this for home renovation which will increase asset value.,0,positive,0.7973698973655701,0
069f14f1-4018-4c6e-9a8c-fa3c5283aac7,69,86736,703,9783,3.86,7.7,Business,I have never missed a payment in 10 years.,0,negative,0.7025801539421082,1
ac9ed156-f63f-4e41-ba9a-ca5e176132ed,53,62550,622,46194,18.82,35.68,Personal,I missed a few payments recently due to an emergency.,0,negative,0.9581639170646667,1
964db03f-9340-4fad-9c4a-d56bd6016237,55,105746,694,15006,9.47,17.4,Education,Using this for home renovation which will increase asset value.,0,positive,0.7973698973655701,0
c3c75611-ffe3-4a49-854f-92fff366bad4,55,67827,743,30606,16.11,35.53,Debt Consolidation,Using this for home renovation which will increase asset value.,0,positive,0.7973698973655701,0
9384ec2b-44fe-4cae-9248-a9a7ac1aa554,24,57044,635,10650,23.38,9.64,Education,I am very financially responsible and have savings.,0,neutral,0.8698418736457825,0
2cd94cbb-c19a-458c-835b-1c8c0a4c9f7f,63,122079,624,16511,6.07,33.32,Debt Consolidation,My salary just increased so I can afford this loan.,0,positive,0.947860836982727,0
7135f221-a6c9-437f-84da-d06a7872bdeb,54,127627,669,21990,7.09,10.08,Business,I am currently between jobs but expect an offer soon.,0,neutral,0.8484305739402771,0
ff37d19c-2e76-428b-8735-44f9ea83bf00,42,130789,678,33136,9.35,7.55,Education,My salary just increased so I can afford this loan.,0,positive,0.947860836982727,0
d0725b5c-a281-4044-af96-288295d82980,44,32266,711,37742,21.98,11.68,Home Imp,My salary just increased so I can afford this loan.,1,positive,0.947860836982727,0
785299f4-175b-498d-b814-01027de1bdfe,64,119736,666,12558,8.41,25.35,Debt Consolidation,I am currently between jobs but expect an offer soon.,0,neutral,0.8484305739402771,0
5230dfbd-5553-42fe-a889-803e5913f9d3,51,72707,643,30098,23.28,12.16,Debt Consolidation,I am very financially responsible and have savings.,0,neutral,0.8698418736457825,0
292bd156-db94-4570-9ac7-0ec0ab8ddeb4,62,79967,615,19713,10.42,21.65,Business,My business is struggling but I hope this loan helps.,0,positive,0.6618829369544983,0
7ed70ed7-b194-490b-a961-929e546e035a,28,90803,585,49127,22.89,12.17,Education,I have a stable job and plan to pay this off early.,0,neutral,0.5154739618301392,0
668409e3-f1f8-443e-a99f-131849c8a43f,50,138512,613,23501,20.13,17.43,Debt Consolidation,Need cash fast to cover some gambling losses.,0,positive,0.49670520424842834,0
0964fbbf-8cd3-41b0-82b0-1cfdd045dd1c,39,98899,605,24917,19.4,14.7,Business,Using this for home renovation which will increase asset value.,0,positive,0.7973698973655701,0
409d3602-5084-4242-968b-1625746f7891,67,143022,665,40819,19.85,14.81,Debt Consolidation,I missed a few payments recently due to an emergency.,0,negative,0.9581639170646667,1
c5c5b37a-f85e-46a1-9dad-09b252c21221,43,108354,596,5628,23.95,5.06,Personal,I have a stable job and plan to pay this off early.,0,neutral,0.5154739618301392,0
d32e6dcd-83bc-4478-9d6a-c7b86778043b,34,94443,534,20608,12.53,43.45,Home Imp,Using this for home renovation which will increase asset value.,1,positive,0.7973698973655701,0
de8ede0b-a85c-4e4a-804b-6fabfcf56188,54,79140,663,29411,13.36,34.92,Education,I have a lot of other debts but I promise to pay.,0,neutral,0.8092361092567444,0
0de051a6-69ca-47d2-b644-14fd8ae769ed,25,102580,762,42212,4.84,31.5,Home Imp,Consolidating debt to reduce my overall monthly payments.,0,negative,0.7052075266838074,1
9f64eeed-5c9d-427d-84b8-71bb300568d2,46,116845,729,26381,10.34,15.88,Debt Consolidation,I missed a few payments recently due to an emergency.,0,negative,0.9581639170646667,1
71299889-a01a-4992-bf9d-3e64c1a6423b,27,45369,645,11924,7.03,23.64,Personal,Using this for home renovation which will increase asset value.,0,positive,0.7973698973655701,0
445dcc38-341c-4494-8d36-6dfcc28ebd70,49,65410,607,35365,9.2,9.8,Home Imp,I am very financially responsible and have savings.,0,neutral,0.8698418736457825,0
49bc473f-ed7b-4656-a18a-15368c99a894,65,104076,799,7643,8.12,39.26,Home Imp,Consolidating debt to reduce my overall monthly payments.,0,negative,0.7052075266838074,1
7c16128d-b2c0-4394-a17f-29e170286046,46,92300,671,8208,18.06,15.41,Home Imp,I have a lot of other debts but I promise to pay.,1,neutral,0.8092361092567444,0
a14923c2-f920-464c-8763-fcd01f15c7b6,56,123052,684,41052,8.87,23.48,Home Imp,Need cash fast to cover some gambling losses.,0,positive,0.49670520424842834,0
b5b453ca-3d42-493c-8c9f-d3349bdf0377,29,50969,652,31252,11.5,30.21,Debt Consolidation,I have a stable job and plan to pay this off early.,0,neutral,0.5154739618301392,0
03802b70-8d03-491e-8f8d-5238288b78b5,22,33450,655,17959,22.9,22.74,Home Imp,My business is struggling but I hope this loan helps.,1,positive,0.6618829369544983,0
3985fb62-17dc-4eff-a872-13f98d605936,28,30596,628,35211,4.59,41.97,Personal,I have a stable job and plan to pay this off early.,0,neutral,0.5154739618301392,0
1d0bc9bd-e9b5-45cf-9766-5cdafe049059,45,114550,660,32961,7.22,13.59,Home Imp,Using this for home renovation which will increase asset value.,0,positive,0.7973698973655701,0
a5d04d53-1e12-42e3-b272-92b6762172ed,23,105492,746,45578,16.77,30.89,Personal,I have a stable job and plan to pay this off early.,0,neutral,0.5154739618301392,0
eec259dc-7f95-497c-a76a-a6ced50755d9,26,61670,724,30101,6.45,12.98,Education,My salary just increased so I can afford this loan.,0,positive,0.947860836982727,0
b495db4e-8245-4fb4-8ab7-706eb77350ca,22,75134,561,28534,13.81,36.26,Business,I have never missed a payment in 10 years.,0,negative,0.7025801539421082,1
7b85179a-d5b0-47e0-aa5d-932b45ff2c83,38,48568,589,6708,10.36,13.76,Business,I missed a few payments recently due to an emergency.,1,negative,0.9581639170646667,1
74eff545-3e65-4603-b8e3-654bfaf14ff0,43,125511,636,43272,24.99,43.96,Debt Consolidation,I missed a few payments recently due to an emergency.,1,negative,0.9581639170646667,1
30cbd755-6232-417a-a507-41818d1fb540,68,32328,703,19379,15.88,44.31,Personal,Need cash fast to cover some gambling losses.,1,positive,0.49670520424842834,0
bf0d073d-821c-4336-9970-cf60ebff8d15,32,56005,724,43831,10.34,34.52,Business,Overwhelmed by bills and need a quick fix.,0,negative,0.919330358505249,1
11df12d7-dd30-4e89-a2f2-35f2e11b868d,43,149198,715,42201,15.62,27.52,Home Imp,I have never missed a payment in 10 years.,0,negative,0.7025801539421082,1
dabac50d-ca3d-4859-85ce-099c46b82659,55,65508,606,16505,14.04,8.61,Home Imp,I have a lot of other debts but I promise to pay.,0,neutral,0.8092361092567444,0
c9a7d91f-ef2a-4713-9702-10496a39aaa6,21,68481,637,45247,7.83,10.22,Home Imp,Consolidating debt to reduce my overall monthly payments.,0,negative,0.7052075266838074,1
00a81de9-d20f-47d0-8465-6d6b81fb18b3,24,27872,680,14680,16.11,41.69,Debt Consolidation,I have a stable job and plan to pay this off early.,0,neutral,0.5154739618301392,0
d664d264-4c6e-47ff-b9de-7a3a486822b9,44,117345,661,48393,12.01,9.04,Business,I am very financially responsible and have savings.,0,neutral,0.8698418736457825,0
a8f1e091-ffb8-402d-9475-dbc996418ced,48,128788,657,46894,24.15,30.97,Home Imp,My salary just increased so I can afford this loan.,0,positive,0.947860836982727,0
7250ee18-260a-4962-9d81-b7f57d5911c6,43,54260,642,48616,16.16,12.01,Business,Using this for home renovation which will increase asset value.,0,positive,0.7973698973655701,0
551ac8ea-585a-4afa-bbfd-cc1289e06ab3,67,25235,713,42541,11.92,44.77,Education,I missed a few payments recently due to an emergency.,1,negative,0.9581639170646667,1
6090d697-8b1e-4b9d-834b-9fbb8d4a75b8,35,108839,701,42063,5.74,24.85,Business,Consolidating debt to reduce my overall monthly payments.,0,negative,0.7052075266838074,1
de9e3757-5260-401e-aecf-67d2749176f4,31,108386,656,10814,21.17,31.8,Business,Using this for home renovation which will increase asset value.,0,positive,0.7973698973655701,0
3d225c30-b28f-41de-bb14-0bc3304b8590,65,33885,673,27969,9.02,9.32,Debt Consolidation,I have a lot of other debts but I promise to pay.,1,neutral,0.8092361092567444,0
db23aa8c-3bca-4f85-a20a-60ac9261549d,31,140939,615,32133,14.1,20.15,Education,My salary just increased so I can afford this loan.,0,positive,0.947860836982727,0
517400f8-0b2c-482a-a928-8e92c68a152f,62,124384,648,19783,7.0,7.95,Debt Consolidation,I have a stable job and plan to pay this off early.,0,neutral,0.5154739618301392,0
e9d68f23-b489-4070-b914-f8a8bea4ff31,25,69801,716,16148,22.59,11.44,Debt Consolidation,I have a stable job and plan to pay this off early.,0,neutral,0.5154739618301392,0
fd08b32c-62d6-4e93-a198-5d54cfb87e6f,42,102860,592,45215,22.7,33.18,Personal,I have a lot of other debts but I promise to pay.,0,neutral,0.8092361092567444,0
a6eab79e-d21c-42f8-8ada-4f80a9e782d4,31,32019,686,11636,10.62,43.98,Personal,I am very financially responsible and have savings.,0,neutral,0.8698418736457825,0
f6febc0e-7ecd-4baf-a6f0-5fcffb16e5db,55,59768,557,48292,9.55,14.5,Debt Consolidation,I have never missed a payment in 10 years.,0,negative,0.7025801539421082,1
f72169bb-8096-4718-a051-acef097a1e10,30,32144,741,28647,3.58,8.51,Education,Need cash fast to cover some gambling losses.,0,positive,0.49670520424842834,0
19b17e80-dea4-4e17-94fd-9ad39716108e,31,108648,644,24124,24.51,23.94,Debt Consolidation,I have never missed a payment in 10 years.,0,negative,0.7025801539421082,1
1986b4b2-70b7-4868-9854-80f0dfcaf0b7,63,59734,681,10972,17.3,20.5,Business,I have never missed a payment in 10 years.,0,negative,0.7025801539421082,1
03edd1f8-74f9-4d17-a912-b4bf86a4bae4,23,59510,667,33818,13.5,14.05,Business,Overwhelmed by bills and need a quick fix.,0,negative,0.919330358505249,1
def57689-68f4-4bce-a4e7-5e8eb8f21423,63,37675,665,10616,17.87,37.33,Personal,My salary just increased so I can afford this loan.,0,positive,0.947860836982727,0
1327f1bc-2784-478f-b84f-16b3a79fbfaf,24,135204,692,30369,21.1,21.75,Education,My salary just increased so I can afford this loan.,0,positive,0.947860836982727,0
43d88870-f81d-4aa1-8812-0a8e78308930,36,87424,581,24585,5.2,41.11,Debt Consolidation,I missed a few payments recently due to an emergency.,1,negative,0.9581639170646667,1
65c17795-b155-46bc-9f8d-ed9756abf2f1,64,106300,679,14663,6.09,35.29,Home Imp,Need cash fast to cover some gambling losses.,0,positive,0.49670520424842834,0
541cdfcd-da0d-4a5f-948f-8b74a65bb1f2,33,41539,649,7796,12.6,44.53,Personal,Need cash fast to cover some gambling losses.,1,positive,0.49670520424842834,0
889b78d5-dbfd-497e-aca2-b148da330aa1,59,58801,634,25955,23.08,41.57,Debt Consolidation,I missed a few payments recently due to an emergency.,1,negative,0.9581639170646667,1
a075e927-5110-4492-b442-7e0b61484bb3,41,137279,638,23101,14.67,41.69,Debt Consolidation,My salary just increased so I can afford this loan.,0,positive,0.947860836982727,0
7cea2045-c268-483e-a32f-2e63b7fddd71,47,39748,667,32160,6.72,27.66,Education,I have a stable job and plan to pay this off early.,0,neutral,0.5154739618301392,0
9e11d2cd-0930-4ef6-8a80-068ddf547e50,57,127176,626,11618,20.39,39.7,Business,I am very financially responsible and have savings.,0,neutral,0.8698418736457825,0
af34cf65-a193-44b2-bc19-e71d118405ad,52,99976,721,44908,13.67,11.89,Personal,I am very financially responsible and have savings.,0,neutral,0.8698418736457825,0
3a3c8a71-ff57-4e2b-8991-ab9bebc2026f,46,30083,679,30938,22.63,18.26,Home Imp,My business is struggling but I hope this loan helps.,1,positive,0.6618829369544983,0
fa745761-6f18-4108-9723-199dbf2c14a0,44,27651,668,27142,21.07,17.12,Business,I am very financially responsible and have savings.,0,neutral,0.8698418736457825,0
b4323070-a23d-4c2f-82a7-96891933918c,27,138888,726,19939,6.39,43.97,Personal,I am very financially responsible and have savings.,0,neutral,0.8698418736457825,0
2a96e1e2-7194-4ae2-99ba-d7aedf615a5c,47,104295,578,47307,5.42,22.67,Personal,Consolidating debt to reduce my overall monthly payments.,0,negative,0.7052075266838074,1
0769165f-e746-4cb9-8ca9-cf07b1aa0f6a,24,92537,604,15418,4.91,33.38,Personal,My salary just increased so I can afford this loan.,0,positive,0.947860836982727,0
0e5dd462-cbd0-4ef2-930a-37df0bc61066,22,47772,685,17632,22.32,13.03,Debt Consolidation,Consolidating debt to reduce my overall monthly payments.,0,negative,0.7052075266838074,1
6e417d47-5ff5-45ea-9bc4-40f14b1a269b,66,51097,623,22955,11.42,23.57,Personal,I am currently between jobs but expect an offer soon.,0,neutral,0.8484305739402771,0
697c3923-87fa-441a-be83-b91f25440fe0,36,73819,634,37033,16.27,12.1,Personal,Using this for home renovation which will increase asset value.,0,positive,0.7973698973655701,0
2e183554-cae2-4e66-ae8a-781390e0a95b,37,123167,604,10923,9.63,20.46,Home Imp,Using this for home renovation which will increase asset value.,0,positive,0.7973698973655701,0
9c07a751-1437-4509-acd1-586a2b840c67,35,109853,623,19752,18.07,15.76,Personal,I am very financially responsible and have savings.,0,neutral,0.8698418736457825,0
aee1e86b-9ea5-46aa-a1ee-6c5bdeef580f,21,87140,720,13671,17.42,29.05,Debt Consolidation,Consolidating debt to reduce my overall monthly payments.,0,negative,0.7052075266838074,1
9549c931-e9af-499d-bf67-1eec3da70577,66,117978,698,47122,9.42,40.82,Business,Consolidating debt to reduce my overall monthly payments.,0,negative,0.7052075266838074,1
a34db7c5-760d-4bbb-bb70-b3a124a35cf2,64,93241,677,45868,12.04,9.09,Education,Consolidating debt to reduce my overall monthly payments.,0,negative,0.7052075266838074,1
aab612c9-415d-474a-b5a6-69814104a8b5,56,109848,643,43913,16.59,16.94,Debt Consolidation,Consolidating debt to reduce my overall monthly payments.,0,negative,0.7052075266838074,1
771ad655-cdfc-4ee0-a61e-de900267deb3,61,67616,669,23145,9.11,33.44,Business,Using this for home renovation which will increase asset value.,0,positive,0.7973698973655701,0
8beddb12-ad77-482f-89a2-3a89e6b5a92c,24,130569,733,44323,12.19,17.78,Home Imp,Consolidating debt to reduce my overall monthly payments.,0,negative,0.7052075266838074,1
f1faf665-7115-43f3-92e8-9d1028711733,37,143870,643,32431,12.2,34.47,Education,Using this for home renovation which will increase asset value.,0,positive,0.7973698973655701,0
4c955f6a-966b-4964-bcd6-bdca5876fd09,42,120230,672,19572,18.26,30.53,Personal,My salary just increased so I can afford this loan.,0,positive,0.947860836982727,0
b0b862ef-6c9f-42b9-b647-8986a3917c99,40,135810,765,16140,21.57,40.06,Home Imp,Overwhelmed by bills and need a quick fix.,1,negative,0.919330358505249,1
4d57d880-d865-469a-b4f3-310340066ff2,37,120051,709,41636,19.9,12.32,Business,Using this for home renovation which will increase asset value.,0,positive,0.7973698973655701,0
da743152-627b-41a1-bfd6-f23232ffe294,68,139220,649,25125,12.54,40.47,Business,I am currently between jobs but expect an offer soon.,1,neutral,0.8484305739402771,0
61a11729-3cb9-4350-9b4d-a0fe7bb38605,51,32035,687,46575,16.05,42.77,Debt Consolidation,I am currently between jobs but expect an offer soon.,0,neutral,0.8484305739402771,0
4bbe4aff-9326-4ffd-9be4-bf5192698698,64,75026,586,39723,9.91,7.16,Home Imp,I have a lot of other debts but I promise to pay.,1,neutral,0.8092361092567444,0
059dd55d-4b94-4e30-b303-f438fe2110d0,57,142026,674,34987,6.58,39.5,Home Imp,I am very financially responsible and have savings.,0,neutral,0.8698418736457825,0
6553867d-a881-4fd3-947d-577bfa5a91ca,32,66079,694,46582,4.75,23.08,Home Imp,Need cash fast to cover some gambling losses.,0,positive,0.49670520424842834,0
dd750e98-90e0-495f-8212-b554464458b4,52,127919,694,10769,6.28,22.35,Personal,I have never missed a payment in 10 years.,0,negative,0.7025801539421082,1
f93e08d5-bea2-4dfe-873f-6e1baf908e3c,21,29944,686,39981,7.79,19.92,Debt Consolidation,My salary just increased so I can afford this loan.,0,positive,0.947860836982727,0
bec39a37-9b3d-44bd-a91e-314e0c8e29e3,33,27348,697,49351,3.59,34.34,Home Imp,Using this for home renovation which will increase asset value.,0,positive,0.7973698973655701,0
e726be23-e776-4886-9534-ee1d7f2984f5,27,75272,688,37986,16.16,11.68,Debt Consolidation,I am very financially responsible and have savings.,0,neutral,0.8698418736457825,0
3ae909fe-cc82-48da-8696-f5e64944051b,54,103167,692,39348,10.76,40.52,Home Imp,Consolidating debt to reduce my overall monthly payments.,0,negative,0.7052075266838074,1
3810ae66-5a31-44cc-8d4b-69a99b689c88,69,49697,670,15805,23.88,41.73,Personal,Need cash fast to cover some gambling losses.,1,positive,0.49670520424842834,0
402913ec-9ef2-493e-b0ac-7d7ba2f963a3,34,121216,620,6436,16.18,11.76,Business,I have never missed a payment in 10 years.,0,negative,0.7025801539421082,1
c478f6f1-b88e-4318-816d-83edad81f8bd,61,58526,714,40044,16.9,28.76,Debt Consolidation,I have a stable job and plan to pay this off early.,0,neutral,0.5154739618301392,0
2303f6c6-d69d-42f1-ae4c-84ffa8c01f05,24,115406,671,12588,12.46,20.21,Education,Using this for home renovation which will increase asset value.,0,positive,0.7973698973655701,0
a0a11839-e745-4704-98df-bc3ca0d4de3d,65,114881,707,46308,3.7,21.83,Debt Consolidation,My salary just increased so I can afford this loan.,0,positive,0.947860836982727,0
c9e26074-4f16-49a0-8a17-991ea5769411,65,42978,705,32448,21.36,9.2,Education,I am currently between jobs but expect an offer soon.,0,neutral,0.8484305739402771,0
5d678bb1-945e-42e4-888a-93ec70d9c9f8,52,51037,634,44911,7.79,15.52,Education,I have never missed a payment in 10 years.,0,negative,0.7025801539421082,1
e8dd5e5a-1712-4b16-a1a4-344fbb7bee03,39,46020,637,7582,15.28,41.41,Personal,Overwhelmed by bills and need a quick fix.,0,negative,0.919330358505249,1
6a5e6920-bf5a-47e6-93a3-dd5a4b8c5bdc,26,143866,663,12237,21.46,31.76,Home Imp,I have a stable job and plan to pay this off early.,0,neutral,0.5154739618301392,0
c958e75e-21d5-4971-b367-49b52cf6bf75,67,119840,736,11638,22.95,30.77,Personal,I have never missed a payment in 10 years.,0,negative,0.7025801539421082,1
5da8d6d2-f8b3-4a8b-a05f-b8bc8a16a06c,24,38082,612,16449,22.29,39.09,Business,I am very financially responsible and have savings.,0,neutral,0.8698418736457825,0
45c45a3e-e9da-484a-8075-9f1f87e5f0fe,28,37451,729,8007,3.71,10.54,Home Imp,My salary just increased so I can afford this loan.,0,positive,0.947860836982727,0
e9ff1cae-41c8-4a8c-aa1f-955ad499da99,38,140143,687,11091,11.51,18.71,Debt Consolidation,Consolidating debt to reduce my overall monthly payments.,0,negative,0.7052075266838074,1
f7a67b94-7b5a-411a-b1b6-4afed31edf1a,45,115426,686,36342,20.7,30.95,Home Imp,I have a stable job and plan to pay this off early.,0,neutral,0.5154739618301392,0
ded255d0-bf1e-4366-8b8e-63d4ce7607ad,31,38593,702,32264,23.09,24.31,Education,I have a lot of other debts but I promise to pay.,0,neutral,0.8092361092567444,0
77e490c7-1d7b-4313-8de2-2f1c56b60afc,70,72002,668,45065,4.12,32.38,Home Imp,I have never missed a payment in 10 years.,0,negative,0.7025801539421082,1
c1101266-2408-46dc-9346-d1a9f6802cdb,49,31025,709,9150,9.12,17.57,Education,My salary just increased so I can afford this loan.,0,positive,0.947860836982727,0
ad238d36-dc32-4c97-b9c1-e262f76c8ede,35,112797,646,27170,14.66,32.53,Education,Using this for home renovation which will increase asset value.,0,positive,0.7973698973655701,0
65bcc272-fadd-4ea3-aca5-e2fdb966442a,51,70318,734,48496,18.04,20.4,Education,I have a stable job and plan to pay this off early.,0,neutral,0.5154739618301392,0
8eac0a33-cdf9-44a7-9882-b5c1f79efd70,62,147469,657,15284,14.37,23.77,Personal,I have a lot of other debts but I promise to pay.,0,neutral,0.8092361092567444,0
6502d6a2-ca6a-4224-971e-16cc5da36f1b,41,56574,733,26685,24.36,7.01,Home Imp,Using this for home renovation which will increase asset value.,0,positive,0.7973698973655701,0
1fa382e8-895c-4d99-83b3-8eb403902c5d,26,85174,646,34110,20.73,22.92,Personal,I have a lot of other debts but I promise to pay.,0,neutral,0.8092361092567444,0
bfbf397b-ac3e-4b0d-9e5b-a13d746cdb77,68,110638,658,6164,5.71,21.49,Education,My salary just increased so I can afford this loan.,0,positive,0.947860836982727,0
618ae305-95a5-4afa-831d-029fac1e86d8,60,108563,621,24962,22.64,27.49,Personal,I have a stable job and plan to pay this off early.,0,neutral,0.5154739618301392,0
5f18e583-f0b6-483f-a377-f6f1d289f0ab,35,135666,638,34783,10.64,35.7,Education,I am very financially responsible and have savings.,0,neutral,0.8698418736457825,0
78b2b549-3bdb-409e-acc2-16a01bbc91f7,49,39945,656,11385,19.83,13.87,Business,Consolidating debt to reduce my overall monthly payments.,0,negative,0.7052075266838074,1
f1738856-e25d-46eb-9e9a-9f83066803ee,56,93417,680,29503,18.6,6.83,Home Imp,I am very financially responsible and have savings.,0,neutral,0.8698418736457825,0
9c2e58de-ea4e-4617-93f8-382b8fb864e4,67,78636,714,12009,8.97,12.84,Debt Consolidation,I have never missed a payment in 10 years.,0,negative,0.7025801539421082,1
a2a9d4d8-102e-4de5-a5cc-8bf738ab854c,33,118950,663,27146,5.82,21.58,Education,I have never missed a payment in 10 years.,0,negative,0.7025801539421082,1
b379cb1e-e8cd-40cc-b6da-3ca0d2e82f38,63,102242,614,38043,6.39,24.95,Education,I have never missed a payment in 10 years.,0,negative,0.7025801539421082,1
1dde7969-6886-43db-a634-8e784d5c55c7,58,88298,686,38314,20.29,41.41,Education,I am currently between jobs but expect an offer soon.,1,neutral,0.8484305739402771,0
0986bbeb-f23e-423d-8b9b-d93423c86d30,45,111182,680,44357,16.53,17.87,Personal,I am very financially responsible and have savings.,0,neutral,0.8698418736457825,0
1dba1267-7e1c-45a1-bef5-18a64dead645,69,57537,686,22930,12.05,18.71,Business,I have a lot of other debts but I promise to pay.,0,neutral,0.8092361092567444,0
899ca782-e323-4d1a-bc1b-dacc18e19331,59,116752,641,38573,9.93,33.06,Business,I am very financially responsible and have savings.,0,neutral,0.8698418736457825,0
5efa9c5b-7421-4f46-a37e-4b0122bae10e,34,51330,633,18743,16.92,16.62,Business,Overwhelmed by bills and need a quick fix.,0,negative,0.919330358505249,1
b24cc64f-be3e-4e57-b30a-9e32aba4fc03,62,48306,627,38023,15.16,30.48,Debt Consolidation,My salary just increased so I can afford this loan.,0,positive,0.947860836982727,0
965befdf-6b4b-4411-8a4a-0e2df22b5b98,57,148558,739,48722,18.77,31.97,Education,I have a stable job and plan to pay this off early.,0,neutral,0.5154739618301392,0
e2aa7a5d-278e-400d-ba02-66efbe055787,54,38955,728,6656,11.69,7.12,Debt Consolidation,Need cash fast to cover some gambling losses.,1,positive,0.49670520424842834,0
d56ce8ea-1959-4b5a-a7a8-f6366a35df59,39,114573,644,21420,6.65,7.48,Business,Consolidating debt to reduce my overall monthly payments.,0,negative,0.7052075266838074,1
f065c817-687a-4850-9d9b-62317d45d8ef,49,38432,630,45377,22.16,34.58,Home Imp,Using this for home renovation which will increase asset value.,0,positive,0.7973698973655701,0
b0b63bcf-0860-4833-879d-0cdaf396ea37,53,127800,707,23850,18.4,6.88,Personal,I am very financially responsible and have savings.,0,neutral,0.8698418736457825,0
71d79665-7181-4dcf-b79e-fc6e5edb0d3c,41,97368,746,8525,3.78,15.05,Education,I have never missed a payment in 10 years.,0,negative,0.7025801539421082,1
5cd8fe1a-dafe-48a9-bc71-e0bef3579560,35,144470,768,46535,18.65,30.91,Education,I am very financially responsible and have savings.,0,neutral,0.8698418736457825,0
5e09a9ee-af88-4dec-bb1e-143b196f4dfa,33,63558,632,34413,7.31,32.31,Home Imp,I have a stable job and plan to pay this off early.,0,neutral,0.5154739618301392,0
a5135ea0-fa53-434d-a6d5-901d8b621d41,45,30326,636,33082,9.5,15.57,Home Imp,Consolidating debt to reduce my overall monthly payments.,0,negative,0.7052075266838074,1
46a02a9b-65ec-4acd-8f80-35f55bd20c98,50,118020,687,15145,4.36,42.15,Education,I missed a few payments recently due to an emergency.,1,negative,0.9581639170646667,1
f2f25eef-1f45-4bfd-b7dc-67e030974b2b,63,64472,679,37148,20.48,27.01,Debt Consolidation,Using this for home renovation which will increase asset value.,0,positive,0.7973698973655701,0
1777e8cb-7468-4b98-92fe-2fded918b3e5,32,93236,659,9468,20.4,11.37,Education,Need cash fast to cover some gambling losses.,0,positive,0.49670520424842834,0
a3b5cece-a446-4e72-b64c-911aa9ab364a,34,111944,632,26750,10.62,16.74,Education,I am very financially responsible and have savings.,0,neutral,0.8698418736457825,0
0cf2b69b-0577-4ea9-b899-924698de8ebb,21,40036,656,48839,10.94,14.61,Education,I have a stable job and plan to pay this off early.,0,neutral,0.5154739618301392,0
fd235def-3e5a-47e3-9560-db22c96b5edb,64,141085,767,26032,11.7,36.85,Debt Consolidation,Consolidating debt to reduce my overall monthly payments.,0,negative,0.7052075266838074,1
34885a46-9088-4eaf-8977-6598203c8c25,22,144450,653,38873,21.18,20.0,Education,Overwhelmed by bills and need a quick fix.,0,negative,0.919330358505249,1
8de08fc2-c3e1-4a85-946e-f10411906f50,33,66984,674,38678,5.27,8.84,Education,Using this for home renovation which will increase asset value.,0,positive,0.7973698973655701,0
d0243d72-3748-467f-961d-33ba350843f0,63,107511,797,18970,22.1,21.97,Debt Consolidation,Overwhelmed by bills and need a quick fix.,1,negative,0.919330358505249,1
c63d04ee-541c-4a86-bba5-cd2fdea45c19,70,82047,639,47373,21.06,7.88,Home Imp,I am currently between jobs but expect an offer soon.,1,neutral,0.8484305739402771,0
989240ac-e689-43a9-89e4-8e8c25c61c45,26,34600,691,8556,7.33,15.08,Debt Consolidation,Consolidating debt to reduce my overall monthly payments.,0,negative,0.7052075266838074,1
fbe94499-dbc0-40fd-86fb-7bf300b9d4a3,47,75860,757,34564,17.05,22.32,Debt Consolidation,I am currently between jobs but expect an offer soon.,0,neutral,0.8484305739402771,0
8a4b8f7c-2147-4a15-bcce-96f6250a4578,62,119409,703,45524,4.86,34.84,Debt Consolidation,I missed a few payments recently due to an emergency.,0,negative,0.9581639170646667,1
1c24220e-2cab-47e7-8c6b-66e5402adf9c,27,62989,718,49949,9.98,8.46,Personal,I have a stable job and plan to pay this off early.,0,neutral,0.5154739618301392,0
21bddb41-0699-4731-9dcf-8766a93b12cd,51,45489,700,39961,8.23,34.87,Education,Consolidating debt to reduce my overall monthly payments.,0,negative,0.7052075266838074,1
c9d6a63b-ca3c-4f5f-9bb5-c40c03cde2e3,64,141257,703,47463,11.52,42.98,Education,I am currently between jobs but expect an offer soon.,0,neutral,0.8484305739402771,0
040a3aae-52e2-4fd9-96bf-10ab3ce915e7,21,100067,739,44102,11.97,26.9,Debt Consolidation,I am very financially responsible and have savings.,0,neutral,0.8698418736457825,0
20733f6d-0d6a-45b3-83ef-20162c9b662e,43,52752,692,32043,22.97,39.06,Home Imp,My business is struggling but I hope this loan helps.,1,positive,0.6618829369544983,0
1d181ee9-86ad-4a8c-abc4-123ebde13c1b,33,40023,649,16885,17.93,27.69,Debt Consolidation,My salary just increased so I can afford this loan.,0,positive,0.947860836982727,0
72c22a16-79eb-4168-9045-56e5bee3eb79,50,109498,679,41022,5.07,31.87,Business,I have a lot of other debts but I promise to pay.,1,neutral,0.8092361092567444,0
97fa7f04-8363-4007-9cae-9610c72c1fe3,42,71810,682,13402,17.93,14.38,Business,Consolidating debt to reduce my overall monthly payments.,0,negative,0.7052075266838074,1
38b77c07-80fb-4296-b3b6-a09b1beaf6ac,52,84067,647,26518,16.75,17.23,Education,Consolidating debt to reduce my overall monthly payments.,0,negative,0.7052075266838074,1
ba2c98ce-0b19-488e-9d77-a45ef206c269,48,47103,668,5316,10.23,36.43,Personal,I am very financially responsible and have savings.,0,neutral,0.8698418736457825,0
a8addf36-ddf2-45eb-a8a3-f341c8819065,67,68458,666,36454,13.45,19.35,Business,Overwhelmed by bills and need a quick fix.,0,negative,0.919330358505249,1
a4b1f991-7542-4646-8d37-a539857dd3b3,59,35744,689,23390,21.96,10.6,Education,Overwhelmed by bills and need a quick fix.,1,negative,0.919330358505249,1
ffa361be-0f92-40e1-87f9-7d05f6ca6b8b,25,120345,782,9941,22.68,38.98,Debt Consolidation,My salary just increased so I can afford this loan.,0,positive,0.947860836982727,0
6d204496-66d0-4371-98e8-8ebb7a9e8eef,34,143791,691,7402,15.36,26.74,Education,Consolidating debt to reduce my overall monthly payments.,0,negative,0.7052075266838074,1
b65feea9-7d82-4264-9ba3-62e7afa415e5,46,54269,739,43640,19.26,16.64,Personal,My business is struggling but I hope this loan helps.,0,positive,0.6618829369544983,0
e63658c9-12d0-498d-b18d-4d05e8e22743,53,26388,685,48429,8.64,43.56,Education,Using this for home renovation which will increase asset value.,0,positive,0.7973698973655701,0
25f934bf-9bb9-4155-9275-eb9414aeaf5c,49,45869,668,16740,15.68,27.63,Home Imp,Consolidating debt to reduce my overall monthly payments.,0,negative,0.7052075266838074,1
9fd34579-4667-42ce-a04e-178c10d08d11,23,53681,638,36958,8.48,15.57,Home Imp,Consolidating debt to reduce my overall monthly payments.,0,negative,0.7052075266838074,1
b64fa54a-8c61-4654-95da-75c1a21150f9,45,86561,677,34795,22.45,6.6,Business,Overwhelmed by bills and need a quick fix.,1,negative,0.919330358505249,1
98eeac2b-fe9f-4caa-a182-f347533f5a72,38,134428,683,22256,15.94,27.81,Personal,I am very financially responsible and have savings.,0,neutral,0.8698418736457825,0
816bcb9f-7426-4193-8b7e-6b3c87d292a6,25,92720,633,21487,11.59,41.29,Education,Consolidating debt to reduce my overall monthly payments.,0,negative,0.7052075266838074,1
cb08587d-1963-426d-ae21-8b099afd4015,52,128895,647,36595,22.57,5.26,Home Imp,My salary just increased so I can afford this loan.,0,positive,0.947860836982727,0
a79b44b6-da50-4fed-9d4a-3d81b3a7d0e0,62,61806,681,18861,6.73,11.29,Education,Need cash fast to cover some gambling losses.,0,positive,0.49670520424842834,0
8d244e3e-c4da-4ddb-a0b1-5abaa6a27967,47,131322,754,26641,18.99,24.26,Personal,I am very financially responsible and have savings.,0,neutral,0.8698418736457825,0
6e191042-370b-4063-9d90-e79eb888f6ed,47,27942,652,20969,4.43,27.94,Home Imp,I missed a few payments recently due to an emergency.,1,negative,0.9581639170646667,1
69efafb1-3a7e-4e14-a359-eee173991a47,30,32328,584,15901,9.05,12.2,Personal,I have a stable job and plan to pay this off early.,0,neutral,0.5154739618301392,0
66132e69-7418-4109-93d1-bf0f56c438e4,67,120417,564,48368,21.16,42.89,Home Imp,I have a lot of other debts but I promise to pay.,1,neutral,0.8092361092567444,0
50032b35-1857-4baf-bac7-e2b96a7e4c36,31,53752,609,31920,16.42,36.78,Home Imp,Using this for home renovation which will increase asset value.,0,positive,0.7973698973655701,0
4140752c-aa44-4259-9001-8b7b6d4067f4,67,114861,708,27457,23.33,28.86,Debt Consolidation,I have a stable job and plan to pay this off early.,0,neutral,0.5154739618301392,0
afd380c4-2713-482c-b41e-a3ac5fd23109,22,51522,596,39256,21.98,25.17,Personal,Using this for home renovation which will increase asset value.,0,positive,0.7973698973655701,0
175a81ec-112f-4612-b969-9ed2ec48bf55,51,143175,722,45288,16.4,40.11,Education,I have a lot of other debts but I promise to pay.,0,neutral,0.8092361092567444,0
6e8f75a1-17dd-4d81-95da-705cd4ef00aa,63,42082,690,44549,15.09,5.05,Personal,I have a stable job and plan to pay this off early.,0,neutral,0.5154739618301392,0
5f65c8ce-bd21-4c11-be9d-61ee18b87245,65,94444,663,33112,8.43,37.09,Personal,I am very financially responsible and have savings.,0,neutral,0.8698418736457825,0
0f5ae9d3-8e6e-4003-a14f-3f12cfd01cbd,57,37807,581,32884,6.38,24.09,Home Imp,I missed a few payments recently due to an emergency.,0,negative,0.9581639170646667,1
8fca7b6a-8fc4-4092-b4e5-59e596229348,55,78562,631,21895,7.56,33.37,Debt Consolidation,I am currently between jobs but expect an offer soon.,0,neutral,0.8484305739402771,0
692ac139-1f4a-4ca1-ab85-fd595463adc7,45,110792,660,18462,18.29,17.64,Business,My salary just increased so I can afford this loan.,0,positive,0.947860836982727,0
f0ede303-aa53-419c-9fa4-bb9f5a856750,37,59249,679,40134,12.61,19.63,Business,Using this for home renovation which will increase asset value.,0,positive,0.7973698973655701,0
ea74bb18-de3b-496f-ac45-96f6c012a0ff,47,97365,606,41540,13.87,19.81,Education,My salary just increased so I can afford this loan.,0,positive,0.947860836982727,0
49a214ae-f7e8-48e5-8d2b-91efb8976ec5,43,126475,747,31091,19.32,39.2,Debt Consolidation,I am very financially responsible and have savings.,0,neutral,0.8698418736457825,0
1a85910d-5a05-4c11-8ffc-a6b199b479d4,31,38143,674,19054,14.43,36.44,Education,I have a stable job and plan to pay this off early.,0,neutral,0.5154739618301392,0
279c658a-3676-4ce5-81e5-c9f693f277cc,31,76000,688,46672,3.61,8.64,Home Imp,I have a stable job and plan to pay this off early.,0,neutral,0.5154739618301392,0
d8e7012f-3968-4c81-bb70-c3b8a81fdec3,25,59483,694,19533,11.47,29.36,Personal,I am very financially responsible and have savings.,0,neutral,0.8698418736457825,0
8e676a01-d86a-4460-99a1-120e1bb43332,54,62548,728,44155,4.74,35.94,Home Imp,Using this for home renovation which will increase asset value.,0,positive,0.7973698973655701,0
47503f1d-c33a-4f6c-9d69-1fba5e187b24,63,146996,689,38957,9.65,6.34,Education,My salary just increased so I can afford this loan.,0,positive,0.947860836982727,0
6dda4f8d-cea6-4f4c-b9e5-8ff092f837d4,31,113345,708,7363,11.23,31.2,Home Imp,I have never missed a payment in 10 years.,0,negative,0.7025801539421082,1
c4767556-f97b-42dd-8f9b-72aed85c16bd,43,112773,638,30896,12.22,13.01,Debt Consolidation,I am currently between jobs but expect an offer soon.,0,neutral,0.8484305739402771,0
accb461a-9d13-4363-9f29-4a8bd1846c39,56,62289,752,41642,23.17,18.92,Business,I have never missed a payment in 10 years.,0,negative,0.7025801539421082,1
9be71737-06b8-4231-8e86-7f3ca487eeab,46,100354,676,5304,9.11,21.29,Debt Consolidation,Consolidating debt to reduce my overall monthly payments.,0,negative,0.7052075266838074,1
b18753e6-d457-4ad9-a867-a096edd877c8,28,130243,641,38638,24.07,40.04,Education,I have a lot of other debts but I promise to pay.,1,neutral,0.8092361092567444,0
45f50c52-2e2f-4f77-8769-79d644777442,57,88390,645,20943,19.79,43.45,Personal,I have a stable job and plan to pay this off early.,0,neutral,0.5154739618301392,0
ebe9e207-4f19-4ec0-832d-4526b3e4110a,51,40239,563,21896,4.95,30.35,Home Imp,Consolidating debt to reduce my overall monthly payments.,0,negative,0.7052075266838074,1
2e709838-0190-4620-99dc-abd056febfb9,47,71281,641,38849,15.02,33.03,Business,Overwhelmed by bills and need a quick fix.,0,negative,0.919330358505249,1
a847bce7-90fa-4b57-a4ac-2130deaf528d,68,132619,555,27412,5.13,42.26,Personal,I missed a few payments recently due to an emergency.,1,negative,0.9581639170646667,1
bdb025ff-2451-45a4-91d0-59b26699cd99,38,48957,699,49768,23.5,12.61,Home Imp,Consolidating debt to reduce my overall monthly payments.,0,negative,0.7052075266838074,1
177d6e7e-07d9-44ce-b8c8-8faea2178f84,34,55042,682,18288,21.45,38.45,Business,I am currently between jobs but expect an offer soon.,0,neutral,0.8484305739402771,0
604e46cb-3712-42d1-87cd-b6a1bf012e32,64,111956,624,37287,16.7,35.57,Education,Consolidating debt to reduce my overall monthly payments.,0,negative,0.7052075266838074,1
284bf962-5744-4596-b422-21676b7a2460,60,66342,660,37266,22.81,40.24,Education,My salary just increased so I can afford this loan.,0,positive,0.947860836982727,0
530ac1c7-b8ba-4368-8fc7-77685ebbcca5,38,77150,665,19555,19.63,10.13,Education,My salary just increased so I can afford this loan.,0,positive,0.947860836982727,0
98a21f1c-914d-4fae-b100-13a7c6deb2f0,23,90860,610,27759,11.96,32.45,Home Imp,I missed a few payments recently due to an emergency.,0,negative,0.9581639170646667,1
27d415b6-0d77-45a0-a222-b6a615bfbe97,50,66373,652,5551,3.75,13.43,Education,Consolidating debt to reduce my overall monthly payments.,0,negative,0.7052075266838074,1
0cbd3c03-9e2a-44ac-8122-b5b3284c03d2,32,96901,670,22226,8.6,23.85,Education,I have a lot of other debts but I promise to pay.,0,neutral,0.8092361092567444,0
716fda0a-45a8-4829-94e2-86e5ac8936bc,34,79931,653,29399,11.35,21.02,Personal,I missed a few payments recently due to an emergency.,0,negative,0.9581639170646667,1
9b69554d-7c54-435f-ac8c-3b6aa974d079,64,54958,626,11545,19.0,37.16,Education,Using this for home renovation which will increase asset value.,0,positive,0.7973698973655701,0
372f871a-45ee-432d-aa07-f2137129cec7,68,44601,608,35997,20.82,12.06,Personal,Overwhelmed by bills and need a quick fix.,1,negative,0.919330358505249,1
585d3f86-1d23-44e6-8329-20b7c143f426,54,94990,654,25691,20.38,17.0,Education,I am currently between jobs but expect an offer soon.,0,neutral,0.8484305739402771,0
ad9fb00d-4882-473c-9c63-45ab6e0ed1e8,65,46409,630,8934,8.13,15.17,Debt Consolidation,Consolidating debt to reduce my overall monthly payments.,0,negative,0.7052075266838074,1
86e52753-7c93-46cc-97d7-a560adb14670,44,98446,698,41535,23.53,15.31,Debt Consolidation,I am very financially responsible and have savings.,0,neutral,0.8698418736457825,0
3873e57f-0ba0-48e8-8ef4-92c1aac93316,59,51077,730,42804,15.88,30.97,Home Imp,Consolidating debt to reduce my overall monthly payments.,0,negative,0.7052075266838074,1
0e0630cd-996d-4c50-bc04-a168652ffb49,64,91904,714,36948,20.16,22.88,Debt Consolidation,I am very financially responsible and have savings.,0,neutral,0.8698418736457825,0
f200c261-4d29-41ab-b455-12f701f7c7ec,30,138804,680,15982,17.27,42.14,Personal,I have a stable job and plan to pay this off early.,0,neutral,0.5154739618301392,0
c3a00c6f-2321-41e1-8471-04c036136e15,26,46233,626,27519,8.41,17.68,Business,I have never missed a payment in 10 years.,0,negative,0.7025801539421082,1
1eb74b56-53ff-43a2-8a19-35014169b9fc,38,141351,723,34156,20.29,42.55,Education,Using this for home renovation which will increase asset value.,0,positive,0.7973698973655701,0
6e3f683a-bf3c-4140-bf54-a51101fa964e,32,136963,709,6513,6.19,14.39,Business,I have a stable job and plan to pay this off early.,0,neutral,0.5154739618301392,0
88575117-6155-4667-a112-507c2cfa55b0,34,46877,725,31020,5.71,7.55,Personal,I have a lot of other debts but I promise to pay.,0,neutral,0.8092361092567444,0
8f0881ee-8011-416b-bae8-8926b423ccde,54,125269,684,10455,5.73,29.72,Debt Consolidation,Consolidating debt to reduce my overall monthly payments.,0,negative,0.7052075266838074,1
5aaab32f-ce63-42b6-ab05-347fd556b37d,35,57426,748,23623,13.03,10.06,Education,Overwhelmed by bills and need a quick fix.,0,negative,0.919330358505249,1
bdf66ba5-dc9c-46de-a5a6-74c212738a23,43,137770,687,26312,22.08,23.69,Education,Using this for home renovation which will increase asset value.,0,positive,0.7973698973655701,0
75b27455-04cc-4ede-afac-16730ad45230,65,95685,636,16602,16.2,23.26,Education,My salary just increased so I can afford this loan.,0,positive,0.947860836982727,0
5024bdc6-dcb3-4df3-93ee-cdc6ebd14d2c,40,144134,654,27752,13.86,14.09,Debt Consolidation,Consolidating debt to reduce my overall monthly payments.,0,negative,0.7052075266838074,1
67884209-92ca-425a-ade5-93329364f3d0,30,64789,689,5691,3.5,37.62,Home Imp,I have a stable job and plan to pay this off early.,0,neutral,0.5154739618301392,0
4a1dab32-6aed-4dc7-a3e0-5309b5a1b949,65,145859,650,37239,23.86,24.08,Debt Consolidation,My salary just increased so I can afford this loan.,0,positive,0.947860836982727,0
f758dce2-0556-4aea-a7b0-32831d7c0098,35,129433,762,5473,15.29,12.54,Education,I am very financially responsible and have savings.,0,neutral,0.8698418736457825,0
f296d9f0-cd23-42c2-abff-e17b532401fc,68,109671,693,30540,21.31,13.82,Debt Consolidation,My salary just increased so I can afford this loan.,0,positive,0.947860836982727,0
b08a4895-d4ff-4666-b5c8-e90d9e3d750d,65,114737,674,22816,9.62,34.72,Business,Using this for home renovation which will increase asset value.,0,positive,0.7973698973655701,0
6fcc57dd-168f-4e12-9ca2-60c9eb7607c9,29,62957,668,12232,17.19,29.71,Business,Consolidating debt to reduce my overall monthly payments.,0,negative,0.7052075266838074,1
6f887f28-3e49-4d09-9b19-d8b8d8302081,22,44942,646,8252,24.35,5.89,Debt Consolidation,I have a lot of other debts but I promise to pay.,0,neutral,0.8092361092567444,0
1422373f-8622-48d1-a683-e10796c044d0,67,26075,571,20257,5.44,5.59,Home Imp,I have a lot of other debts but I promise to pay.,1,neutral,0.8092361092567444,0
beed10b6-4f6e-474b-9eda-b0276550f74a,44,85776,642,7079,10.6,38.74,Home Imp,I have a stable job and plan to pay this off early.,0,neutral,0.5154739618301392,0
c77444cb-5543-4c3c-b8b8-f24e56ea57b3,55,86623,746,16901,7.63,38.66,Personal,Overwhelmed by bills and need a quick fix.,0,negative,0.919330358505249,1
a21b0307-82af-485c-938d-994c2b0abedd,36,75436,676,34029,8.81,44.78,Home Imp,My salary just increased so I can afford this loan.,0,positive,0.947860836982727,0
31a3ac4d-828c-47e7-87d5-b7be1d30d990,63,52321,712,35987,11.87,43.45,Business,Overwhelmed by bills and need a quick fix.,1,negative,0.919330358505249,1
59e1ac09-5970-4859-86b6-e4ade7ea8d5a,56,93278,722,13004,8.95,30.54,Home Imp,Overwhelmed by bills and need a quick fix.,0,negative,0.919330358505249,1
a53bc024-d1a6-4d87-b54e-2019ba35844e,34,39801,656,20464,17.11,17.98,Home Imp,I have never missed a payment in 10 years.,0,negative,0.7025801539421082,1
1a5165ca-3c7c-4d85-a5cf-0041d0a643fe,36,26170,687,7752,15.99,32.63,Education,Need cash fast to cover some gambling losses.,1,positive,0.49670520424842834,0
2c6a6e9a-3280-47a1-8187-222b257d5e52,31,90525,589,10990,18.25,18.54,Debt Consolidation,Overwhelmed by bills and need a quick fix.,1,negative,0.919330358505249,1
c257cf73-c29d-482b-a722-796e9a36d1ec,55,128739,749,12038,6.21,14.31,Education,I have never missed a payment in 10 years.,0,negative,0.7025801539421082,1
f387e1bd-2d59-42c6-934a-5a2fa7cf705c,67,50292,729,6399,18.32,19.33,Home Imp,Overwhelmed by bills and need a quick fix.,0,negative,0.919330358505249,1
76c5a0dc-7e7e-4419-a0c1-4035c5d95f51,49,98272,694,24314,15.17,24.6,Education,I am very financially responsible and have savings.,0,neutral,0.8698418736457825,0
9458054e-c287-4f06-9050-f7efc1235c91,50,61087,675,44235,23.16,27.18,Debt Consolidation,Consolidating debt to reduce my overall monthly payments.,0,negative,0.7052075266838074,1
e1cde87f-ec95-4f87-ae5e-c36572eb7474,55,73118,663,34758,3.52,30.52,Personal,My salary just increased so I can afford this loan.,0,positive,0.947860836982727,0
fc8d5b93-a2a2-491f-a49b-1cd99082889b,44,126714,733,45645,8.63,33.84,Education,Overwhelmed by bills and need a quick fix.,0,negative,0.919330358505249,1
f891b0c3-dd3f-487e-92bd-c6619fe0a8c7,52,125366,713,41140,6.81,16.33,Personal,I missed a few payments recently due to an emergency.,0,negative,0.9581639170646667,1
70944bdb-26a5-44e3-90ee-7a92a09151e0,63,33739,514,7868,21.46,10.19,Debt Consolidation,I am currently between jobs but expect an offer soon.,1,neutral,0.8484305739402771,0
a1a27485-7134-4c2a-b80b-3657117b355b,23,99843,651,47057,21.48,31.32,Education,I have a stable job and plan to pay this off early.,0,neutral,0.5154739618301392,0
97674900-4651-4367-8bdc-43184d85a3d2,44,53930,604,44711,18.93,5.52,Home Imp,I have a stable job and plan to pay this off early.,0,neutral,0.5154739618301392,0
12fe28bf-81e0-4489-9a18-e2a30e614bcd,50,129991,611,46872,4.81,27.32,Personal,I have a stable job and plan to pay this off early.,0,neutral,0.5154739618301392,0
09a0a0f6-73b0-4091-b634-c1694f76e388,60,59840,720,39669,4.37,7.82,Business,My salary just increased so I can afford this loan.,0,positive,0.947860836982727,0
497de16d-d4ea-420a-9e65-96540e9058b6,27,38267,655,20139,14.93,12.58,Education,Using this for home renovation which will increase asset value.,0,positive,0.7973698973655701,0
fa34d2e8-dd3f-4d7e-a508-dc9513a4a492,56,123198,698,41578,12.43,9.22,Education,I am very financially responsible and have savings.,0,neutral,0.8698418736457825,0
98159d6c-9d71-4084-971d-abf9daf481a7,48,140713,681,11822,7.09,12.22,Personal,My salary just increased so I can afford this loan.,0,positive,0.947860836982727,0
949077c2-7674-456f-a26d-719d81cf3252,59,83066,602,28089,22.9,27.0,Business,I am very financially responsible and have savings.,0,neutral,0.8698418736457825,0
bd29ede9-cab4-423b-b448-83858de7ad6c,48,133285,598,26197,16.58,27.53,Home Imp,Overwhelmed by bills and need a quick fix.,1,negative,0.919330358505249,1
e8b77f7b-7321-4f6b-8a80-76ece5582e16,37,72187,643,34648,13.12,20.88,Debt Consolidation,My salary just increased so I can afford this loan.,0,positive,0.947860836982727,0
30307633-a6de-41d8-9258-17b7cf501889,29,141696,660,24781,3.64,44.38,Home Imp,Overwhelmed by bills and need a quick fix.,0,negative,0.919330358505249,1
80599b93-79c2-42e4-9ae1-a991524f93ff,38,145469,661,41284,14.49,27.83,Education,My business is struggling but I hope this loan helps.,0,positive,0.6618829369544983,0
73557b9d-0fd6-447e-b52d-4af2269ed4c9,30,43141,642,22366,11.39,28.29,Home Imp,My salary just increased so I can afford this loan.,0,positive,0.947860836982727,0
d65e59dd-e62d-4d06-8f9b-85581a7f195b,46,99588,773,19249,19.29,33.94,Personal,I am very financially responsible and have savings.,0,neutral,0.8698418736457825,0
15969802-b6dd-4257-bb7d-9f1c57eb89b1,65,100527,721,11249,16.3,17.02,Education,Consolidating debt to reduce my overall monthly payments.,0,negative,0.7052075266838074,1
0a0537f0-2c2c-422b-a568-95c6812a1f9b,43,140316,690,33462,12.46,39.71,Home Imp,I have a stable job and plan to pay this off early.,0,neutral,0.5154739618301392,0
fdb1429e-7010-4d13-b526-b22d3f6c21f7,61,126897,671,46431,11.72,17.19,Debt Consolidation,Consolidating debt to reduce my overall monthly payments.,0,negative,0.7052075266838074,1
9c1c3517-85d2-40a6-8629-5b5d707df251,53,116457,671,19470,6.79,31.95,Personal,My salary just increased so I can afford this loan.,0,positive,0.947860836982727,0
eafde7d9-5f73-4a3e-9d28-6aa428a39779,53,36807,693,19554,12.79,36.45,Home Imp,My salary just increased so I can afford this loan.,1,positive,0.947860836982727,0
c6435300-68a5-4c68-a32d-bb5e486bb6bf,68,31463,652,40923,12.08,8.4,Education,Using this for home renovation which will increase asset value.,0,positive,0.7973698973655701,0
0d67d38e-990f-4c5b-adcc-3daf569f3ab3,51,98308,715,17983,13.99,31.09,Home Imp,My salary just increased so I can afford this loan.,0,positive,0.947860836982727,0
55ab946d-a5b5-4dc2-a181-c85eca0ac6ac,36,56760,678,9695,9.22,22.2,Education,I have never missed a payment in 10 years.,0,negative,0.7025801539421082,1
8ed6ad5e-1831-4aa3-9466-9d1910df9974,44,70653,768,17483,10.4,28.76,Debt Consolidation,My business is struggling but I hope this loan helps.,0,positive,0.6618829369544983,0
4082cbb9-48bd-4b3e-a2f5-df2badaa44ca,60,132686,669,33980,16.9,22.62,Home Imp,I am very financially responsible and have savings.,0,neutral,0.8698418736457825,0
f6e39356-a814-4562-9a00-3f16b9469bcf,26,39728,713,8574,8.73,29.84,Home Imp,I have a stable job and plan to pay this off early.,0,neutral,0.5154739618301392,0
267eddce-df8f-4197-9a4a-99b2e806133c,42,115937,621,12292,10.06,23.85,Business,Using this for home renovation which will increase asset value.,0,positive,0.7973698973655701,0
a9e27ba9-952e-4abb-94dd-5061555736f8,55,93585,637,21951,15.3,29.92,Home Imp,I have never missed a payment in 10 years.,0,negative,0.7025801539421082,1
4f6b58c8-598d-4aec-aaaf-e5432434a678,58,143756,774,48484,14.83,15.22,Debt Consolidation,My salary just increased so I can afford this loan.,0,positive,0.947860836982727,0
a981b098-b2cf-452d-a7f3-33b3f7baf55e,38,31957,699,35471,17.58,5.33,Personal,I am very financially responsible and have savings.,0,neutral,0.8698418736457825,0
b576255e-9854-4f22-a102-f9c964575bc4,44,138283,702,12070,3.91,39.7,Personal,I am very financially responsible and have savings.,0,neutral,0.8698418736457825,0
8f158449-4f40-422f-95b0-2530f020e992,27,143472,798,25673,13.92,28.88,Debt Consolidation,I have never missed a payment in 10 years.,0,negative,0.7025801539421082,1
54170a17-caaa-4bbe-a4bb-f962606e0e1c,56,146418,676,6408,4.35,41.89,Business,Using this for home renovation which will increase asset value.,0,positive,0.7973698973655701,0
b3ecb951-ab8c-4f97-a0b7-1785d02ce0c1,22,70453,719,49847,11.07,30.01,Home Imp,Consolidating debt to reduce my overall monthly payments.,0,negative,0.7052075266838074,1
ff4625af-bd20-463b-b275-b5f3d436a7a8,24,107023,730,21887,22.39,40.62,Debt Consolidation,Using this for home renovation which will increase asset value.,0,positive,0.7973698973655701,0
17ec889c-86c1-46cb-a996-30f7af77520e,30,69798,745,30745,17.62,8.51,Personal,I am very financially responsible and have savings.,0,neutral,0.8698418736457825,0
822c4d32-6c64-4c15-aba3-01cba561e1e9,64,54809,603,32350,8.67,11.11,Business,My salary just increased so I can afford this loan.,0,positive,0.947860836982727,0
4f11d8dc-5cd3-4369-84aa-c1b75ca0c428,29,52100,657,47760,6.48,26.65,Home Imp,I am very financially responsible and have savings.,0,neutral,0.8698418736457825,0
577bc55a-36d5-4494-b37f-d50d2e25b5ee,54,144218,695,13863,12.75,41.36,Home Imp,Using this for home renovation which will increase asset value.,0,positive,0.7973698973655701,0
31274148-7c7c-404e-8422-d03ef29a6339,41,33888,737,41525,14.96,33.78,Home Imp,I am very financially responsible and have savings.,0,neutral,0.8698418736457825,0
27aa7cbc-2337-4bbc-bffe-77c839feb99c,22,125327,697,25885,22.42,21.56,Personal,I am very financially responsible and have savings.,0,neutral,0.8698418736457825,0
c9c23e69-d82c-4565-8bb9-07ec13c11754,68,60887,721,14958,20.25,9.27,Home Imp,I missed a few payments recently due to an emergency.,1,negative,0.9581639170646667,1
8a2e6a93-c558-4bb2-81f7-f3fb19e45c6a,38,104377,609,42161,16.67,28.85,Home Imp,I am very financially responsible and have savings.,0,neutral,0.8698418736457825,0
86cac6f4-e238-4e93-bd17-c5e8d5ca69ab,70,87469,652,13787,14.3,29.19,Business,I have never missed a payment in 10 years.,0,negative,0.7025801539421082,1
e05b46c5-5636-4094-a974-31db09a9d1c1,29,46467,728,17665,8.36,21.34,Debt Consolidation,Using this for home renovation which will increase asset value.,0,positive,0.7973698973655701,0
98e52499-218c-4e1c-9e37-4f7ac42cbc39,68,112993,663,18292,19.79,7.65,Personal,Consolidating debt to reduce my overall monthly payments.,0,negative,0.7052075266838074,1
2e4bebc4-2989-4880-a77d-1be96070b6a1,50,141337,679,21173,12.69,36.05,Education,Consolidating debt to reduce my overall monthly payments.,0,negative,0.7052075266838074,1
9feefdff-c566-4a81-b15e-54f6d4d30795,46,105151,750,42482,16.27,26.01,Debt Consolidation,I have a stable job and plan to pay this off early.,0,neutral,0.5154739618301392,0
b89f72f3-2a60-4652-a714-7668cf1d7d3a,36,92987,626,40249,12.01,34.41,Education,I have a stable job and plan to pay this off early.,0,neutral,0.5154739618301392,0
5d42b9e9-692e-47b6-8b2f-6d5c700b5d5f,33,63165,630,33806,12.06,17.18,Business,My salary just increased so I can afford this loan.,0,positive,0.947860836982727,0
f836f571-3cce-476c-b836-c448ad261ec5,24,115433,606,38880,22.93,23.54,Personal,Using this for home renovation which will increase asset value.,0,positive,0.7973698973655701,0
c09cb506-48f1-496d-9c4f-fb4671b701aa,70,101735,752,40809,6.41,21.54,Personal,Overwhelmed by bills and need a quick fix.,1,negative,0.919330358505249,1
3be79df4-72ec-416e-88a7-23e9bfa016c2,33,140677,728,34798,5.44,17.96,Home Imp,I am currently between jobs but expect an offer soon.,0,neutral,0.8484305739402771,0
f7315749-4f39-49a8-bd3a-258288b4f474,66,83903,715,46554,11.3,25.95,Personal,My salary just increased so I can afford this loan.,0,positive,0.947860836982727,0
e76adca9-7811-4802-88cc-7cfecf01f944,31,74634,648,41067,11.68,35.73,Business,Using this for home renovation which will increase asset value.,0,positive,0.7973698973655701,0
ada58417-5e2a-432d-b1ab-0b56d5c9fdc7,31,138877,608,14476,7.35,33.48,Personal,I have never missed a payment in 10 years.,0,negative,0.7025801539421082,1
70cafdd8-fc04-4f08-9207-0158f2771f63,39,107110,589,16842,6.03,10.26,Home Imp,I am currently between jobs but expect an offer soon.,1,neutral,0.8484305739402771,0
c7332304-4822-4120-84f9-eccd7630a8a7,50,90225,737,37679,15.19,5.23,Personal,I have never missed a payment in 10 years.,0,negative,0.7025801539421082,1
6b2d5b09-8707-4ad4-80be-7e3561c2645a,50,78759,693,33958,5.21,29.0,Home Imp,I am very financially responsible and have savings.,0,neutral,0.8698418736457825,0
331f63fb-d11f-48c0-a97c-a4fff75d599f,56,132494,714,18607,4.55,10.93,Business,I am very financially responsible and have savings.,0,neutral,0.8698418736457825,0
df7d0dd7-236e-4608-9acb-394acd1f5318,57,134840,691,44536,9.92,41.82,Debt Consolidation,Need cash fast to cover some gambling losses.,1,positive,0.49670520424842834,0
7b07fd31-a424-4f23-8d5b-a7cd400035f0,64,62274,624,45048,17.71,32.99,Education,I have a lot of other debts but I promise to pay.,0,neutral,0.8092361092567444,0
ef2ddcc4-8df6-41da-9f07-c1a5dfc620ce,68,100886,656,28605,23.53,8.73,Business,I have a stable job and plan to pay this off early.,0,neutral,0.5154739618301392,0
8412a335-d88c-456d-b61e-5fdb1a435206,69,81010,616,41075,4.9,23.83,Debt Consolidation,My salary just increased so I can afford this loan.,0,positive,0.947860836982727,0
1578d709-48f9-43d0-9fea-e1e0d9e604b3,47,93766,613,18752,18.46,29.48,Debt Consolidation,My salary just increased so I can afford this loan.,0,positive,0.947860836982727,0
73069588-45d5-468d-a90a-3abbc35b9fea,26,88394,713,44634,23.58,44.45,Business,My business is struggling but I hope this loan helps.,1,positive,0.6618829369544983,0
d4bf7a4b-25b8-442f-836b-15c7e7c225da,54,100385,591,45844,11.11,10.19,Education,I have never missed a payment in 10 years.,0,negative,0.7025801539421082,1
e916da57-f248-43ab-977a-8a5f6ffe33b3,52,130903,627,16790,22.5,14.31,Business,I am currently between jobs but expect an offer soon.,0,neutral,0.8484305739402771,0
e27718c5-737d-4fb6-9113-76e038d77b9a,50,106980,660,12728,19.36,13.29,Education,Consolidating debt to reduce my overall monthly payments.,0,negative,0.7052075266838074,1
6a36af18-06d3-4b93-ae33-688d597e6845,43,98454,674,46779,8.07,30.62,Business,My business is struggling but I hope this loan helps.,0,positive,0.6618829369544983,0
5fbbf0b1-8083-49c8-a57e-01c90da23e5c,53,97088,602,26228,19.99,9.55,Business,My salary just increased so I can afford this loan.,0,positive,0.947860836982727,0
14e4180c-fe99-46a3-a2db-c8503c5bf3a7,22,134057,597,16510,7.67,38.35,Personal,I am very financially responsible and have savings.,0,neutral,0.8698418736457825,0
519554e3-0737-4c86-b97b-5f515ffa46ef,29,88110,689,15183,16.98,40.68,Education,I have never missed a payment in 10 years.,0,negative,0.7025801539421082,1
b6f6dbf1-d6d4-41cc-995d-82f8ee4a9b5d,68,32342,667,39149,9.94,34.0,Business,I missed a few payments recently due to an emergency.,0,negative,0.9581639170646667,1
25637cc3-ca97-4bf5-95d5-96afa663d2cd,64,68479,731,28173,4.92,10.97,Debt Consolidation,My salary just increased so I can afford this loan.,0,positive,0.947860836982727,0
eada79a3-4970-4d9a-89ce-3cfb2339ba19,31,99839,676,44694,11.88,28.81,Business,I have a stable job and plan to pay this off early.,0,neutral,0.5154739618301392,0
d4c3a832-b231-460b-b8f2-ce6bd46b415d,38,79246,693,10688,14.19,14.51,Personal,My salary just increased so I can afford this loan.,0,positive,0.947860836982727,0
781799ff-b49e-44cc-8243-69e72387eaf6,40,47939,624,12355,11.55,6.5,Home Imp,I have a stable job and plan to pay this off early.,0,neutral,0.5154739618301392,0
e7e646c7-0158-4463-9d87-76a072d78bdd,51,143614,645,37771,6.81,18.6,Personal,Consolidating debt to reduce my overall monthly payments.,0,negative,0.7052075266838074,1
3735262d-4184-4b03-84dd-7054144823f7,30,125857,612,11439,21.18,42.52,Home Imp,I have never missed a payment in 10 years.,1,negative,0.7025801539421082,1
f0b2a5d1-8c7e-4f42-a646-eaf9d5c0244d,66,138352,643,39232,5.99,17.44,Debt Consolidation,I have a stable job and plan to pay this off early.,0,neutral,0.5154739618301392,0
6c5a6c93-871c-4884-9bdf-90f2ba2c0f19,42,86194,652,8023,5.72,35.65,Business,Overwhelmed by bills and need a quick fix.,1,negative,0.919330358505249,1
3cd5fd7f-49c1-4669-86b3-3fe61c76bdf6,34,67058,725,18143,7.64,16.07,Business,Consolidating debt to reduce my overall monthly payments.,0,negative,0.7052075266838074,1
3d0a5f0c-0c39-4ec7-9f31-74054d183eba,30,45643,617,22933,5.96,43.33,Education,Consolidating debt to reduce my overall monthly payments.,0,negative,0.7052075266838074,1
9f708368-cb3c-48ca-a392-57316b79afcc,56,66744,770,22763,6.54,33.17,Business,My business is struggling but I hope this loan helps.,0,positive,0.6618829369544983,0
d6312a80-1c61-4ec2-9014-2131750565f5,60,141948,710,27199,15.12,7.03,Debt Consolidation,I have a stable job and plan to pay this off early.,0,neutral,0.5154739618301392,0
893ad232-98c3-43ca-bff4-cec6e7b7b4c6,45,32051,677,10643,12.67,12.16,Education,I am very financially responsible and have savings.,0,neutral,0.8698418736457825,0
93364f7e-83ef-49f3-a1c7-cc8a04351b64,65,83436,668,45390,11.15,18.29,Home Imp,My salary just increased so I can afford this loan.,0,positive,0.947860836982727,0
4a90cd0c-24c1-43b9-b7f2-85723defa849,26,145951,671,35519,15.71,8.72,Personal,I am very financially responsible and have savings.,0,neutral,0.8698418736457825,0
5a5226e6-9d64-4932-8066-853d6de299a1,66,125465,647,35500,13.62,42.9,Home Imp,Consolidating debt to reduce my overall monthly payments.,0,negative,0.7052075266838074,1
2ff3cde4-6aa4-4c9f-9217-04753d959e3f,46,49032,591,48593,10.6,39.43,Business,I have a lot of other debts but I promise to pay.,0,neutral,0.8092361092567444,0
8603156a-15ea-4bcf-ab10-21ceaa143cd8,28,71064,624,36368,13.42,11.83,Business,I am currently between jobs but expect an offer soon.,0,neutral,0.8484305739402771,0
f4124360-1153-4e99-9c50-8720f982f4e0,46,132158,758,12011,10.51,30.98,Business,I have never missed a payment in 10 years.,0,negative,0.7025801539421082,1
c9525185-81e0-4a5e-8b48-f49686abd4e7,36,106379,699,20970,15.28,43.96,Personal,Overwhelmed by bills and need a quick fix.,1,negative,0.919330358505249,1
0534a101-8ddc-4719-81f3-8dd4fd034ada,58,81511,747,33531,15.7,18.69,Home Imp,I am very financially responsible and have savings.,0,neutral,0.8698418736457825,0
0b251279-785a-45d0-9f92-a62163f4c69d,66,100260,640,36891,5.96,28.84,Business,Using this for home renovation which will increase asset value.,0,positive,0.7973698973655701,0
5f90bed6-fb25-464d-a30a-a767a2bb522b,40,78188,614,9561,16.36,32.42,Education,I have never missed a payment in 10 years.,0,negative,0.7025801539421082,1
5b6a8102-0428-4378-bf50-23f440ef3935,62,111529,674,9029,5.45,37.68,Education,I have a stable job and plan to pay this off early.,0,neutral,0.5154739618301392,0
3dba6da8-5844-49fc-914b-9547c9dc72b8,69,44231,620,48311,6.71,26.25,Personal,Using this for home renovation which will increase asset value.,0,positive,0.7973698973655701,0
1a89b71e-a0d5-42c8-a837-fe68bba205ca,64,140005,689,25748,9.94,36.77,Business,I am very financially responsible and have savings.,0,neutral,0.8698418736457825,0
c1b5b5ca-bc35-46df-94f7-9dbac5811d2d,43,36703,579,43189,3.67,44.46,Personal,I have a stable job and plan to pay this off early.,0,neutral,0.5154739618301392,0
5a304528-0b59-4562-a227-219f551ff086,44,143105,578,40971,24.31,5.03,Education,Consolidating debt to reduce my overall monthly payments.,0,negative,0.7052075266838074,1
a48e40f1-d042-4dfa-96ab-087a8bc78e81,22,55833,679,33292,18.6,20.77,Business,I have never missed a payment in 10 years.,0,negative,0.7025801539421082,1
af475b49-c775-4395-9494-05f02cd2a404,55,52684,744,48416,7.23,10.56,Education,I have never missed a payment in 10 years.,0,negative,0.7025801539421082,1
7a8104de-b205-47bb-bb16-f75776f186ab,30,62810,683,48913,6.2,5.46,Debt Consolidation,I am very financially responsible and have savings.,0,neutral,0.8698418736457825,0
2285b2ef-cfbe-4fe9-aea9-c542a1b970d0,48,42796,686,10548,6.45,37.24,Personal,I have never missed a payment in 10 years.,0,negative,0.7025801539421082,1
f1901b7e-c6b4-49ef-b74e-ba9310275b53,60,48566,663,34779,14.45,27.08,Personal,I have never missed a payment in 10 years.,0,negative,0.7025801539421082,1
339b77a8-4b1f-4d7b-8977-c513752a7d25,59,25973,663,42875,14.21,34.24,Education,My salary just increased so I can afford this loan.,0,positive,0.947860836982727,0
e2c328aa-3310-4475-8a86-22250b36e356,44,29385,585,7481,15.72,33.2,Debt Consolidation,I have a stable job and plan to pay this off early.,0,neutral,0.5154739618301392,0
4f612217-eef1-4694-90ca-e32d0aba590e,30,120706,637,39498,24.65,44.35,Business,I missed a few payments recently due to an emergency.,0,negative,0.9581639170646667,1
d0be73ee-fd37-4539-a5f2-02f983f02dc7,26,57142,723,35962,17.06,31.55,Debt Consolidation,My salary just increased so I can afford this loan.,0,positive,0.947860836982727,0
095ffa81-40d9-4bce-b930-ba208b040f49,40,105352,616,8458,22.93,26.4,Debt Consolidation,I have never missed a payment in 10 years.,0,negative,0.7025801539421082,1
493e904d-30ec-4796-a59b-457fc0d7ac73,57,121182,658,26726,12.55,43.42,Business,My salary just increased so I can afford this loan.,1,positive,0.947860836982727,0
0c3ce284-c7e5-4bbb-9cb5-1c535b62a8df,68,64855,723,41943,9.1,30.17,Education,My business is struggling but I hope this loan helps.,0,positive,0.6618829369544983,0
45f18619-54f9-4429-a7de-02ccdda4f4a7,68,106830,678,6789,9.67,8.3,Education,Consolidating debt to reduce my overall monthly payments.,0,negative,0.7052075266838074,1
6fdc0bad-5e36-4127-8ca1-b45c1fdd980a,29,105713,680,23413,9.42,15.28,Debt Consolidation,I am very financially responsible and have savings.,0,neutral,0.8698418736457825,0
7092947d-be49-49ec-a667-d3bbe3b56360,30,111396,656,34271,11.45,12.02,Home Imp,I have a stable job and plan to pay this off early.,0,neutral,0.5154739618301392,0
56cb1ab0-62fb-46d7-b4db-ca07e506f670,42,36062,692,14507,16.3,37.87,Personal,I have never missed a payment in 10 years.,0,negative,0.7025801539421082,1
b12b6680-7f07-4cb9-afd3-40c0f945f2fd,36,111594,720,33847,19.11,11.69,Education,I am very financially responsible and have savings.,0,neutral,0.8698418736457825,0
cc1b4157-ec9f-4c54-9e0a-72ab7f5db163,37,124022,635,12601,4.63,23.56,Personal,My salary just increased so I can afford this loan.,0,positive,0.947860836982727,0
15260718-cd18-4a82-8447-ceab84ef4324,35,74781,598,49794,18.67,23.98,Home Imp,Consolidating debt to reduce my overall monthly payments.,0,negative,0.7052075266838074,1
6e3c4532-1434-4f62-acac-028cba220065,49,75070,573,49465,10.29,26.21,Debt Consolidation,My business is struggling but I hope this loan helps.,1,positive,0.6618829369544983,0
2e326567-d284-454e-bebe-c0db9a3a6103,48,105017,696,47733,21.95,18.4,Business,My salary just increased so I can afford this loan.,0,positive,0.947860836982727,0
1a43db54-523a-4993-8b34-46bc8ba435cc,46,85438,686,49255,19.61,34.37,Education,I am very financially responsible and have savings.,0,neutral,0.8698418736457825,0
4baf0f5e-a932-4094-93f2-8f11147f6570,65,48582,784,25530,15.27,31.91,Debt Consolidation,I have a stable job and plan to pay this off early.,1,neutral,0.5154739618301392,0
b7b8c1a5-9a45-493d-b227-890e4e76833a,64,83450,670,28036,8.22,16.33,Home Imp,I have a stable job and plan to pay this off early.,0,neutral,0.5154739618301392,0
71a3fad2-b094-4d2a-aaa9-3b436d15f16f,59,111062,667,19209,23.94,30.52,Debt Consolidation,I have a lot of other debts but I promise to pay.,1,neutral,0.8092361092567444,0
ba108217-0ad7-49a2-b277-16ec59fefbbc,63,125120,688,47461,15.67,43.69,Debt Consolidation,I have never missed a payment in 10 years.,0,negative,0.7025801539421082,1
9d66e815-5a41-43b3-a95f-176cdebac186,63,147707,695,9962,17.23,41.91,Business,I am very financially responsible and have savings.,0,neutral,0.8698418736457825,0
a3b442bd-4649-4296-af58-42c3ff86cc31,70,125941,666,26194,9.03,36.23,Business,Consolidating debt to reduce my overall monthly payments.,0,negative,0.7052075266838074,1
0eaf04b5-f2a9-4c8a-8a9e-4a62fae3114b,24,58847,623,22345,7.33,7.78,Home Imp,I have a lot of other debts but I promise to pay.,0,neutral,0.8092361092567444,0
67fd64c4-a334-458a-abd2-b5121335e5db,27,43857,660,40430,20.03,13.74,Debt Consolidation,I have a stable job and plan to pay this off early.,0,neutral,0.5154739618301392,0
bff9507d-cd14-403e-8359-9af65d01f55f,23,34557,656,9614,15.78,15.02,Personal,Overwhelmed by bills and need a quick fix.,1,negative,0.919330358505249,1
07f8d4f0-f3ea-4184-a8f4-e3ceadedda80,61,25113,653,7479,17.79,15.66,Business,My salary just increased so I can afford this loan.,0,positive,0.947860836982727,0
ad973b67-9b89-45cb-9942-644c248d31ec,66,148196,720,37157,13.78,21.16,Debt Consolidation,Overwhelmed by bills and need a quick fix.,0,negative,0.919330358505249,1
20509c62-08e8-45d7-b02c-1821c8040fb7,70,88185,668,12943,15.7,42.4,Business,I have a stable job and plan to pay this off early.,0,neutral,0.5154739618301392,0
a52964ff-c74c-4890-bc6a-3174113634a5,61,109813,606,10941,11.36,39.13,Business,Consolidating debt to reduce my overall monthly payments.,0,negative,0.7052075266838074,1
f31046dc-6202-4ee6-9cb5-e69c5dc7b3e6,62,51623,629,16574,15.42,43.7,Home Imp,I have a stable job and plan to pay this off early.,0,neutral,0.5154739618301392,0
2747b93c-9ae7-4eab-884a-67809136f1f8,61,115287,663,28544,13.96,40.41,Personal,Need cash fast to cover some gambling losses.,0,positive,0.49670520424842834,0
5ef787b8-f2e6-495f-b32e-2016add702c9,22,119337,676,43859,8.63,20.55,Education,I have never missed a payment in 10 years.,0,negative,0.7025801539421082,1
13aec376-c359-410a-b1a6-014c5f3c44dc,22,29855,682,27235,4.71,36.51,Debt Consolidation,I am very financially responsible and have savings.,0,neutral,0.8698418736457825,0
5df06e8c-878a-4ed9-a33f-fc8292ec89af,63,93566,671,35039,23.71,39.81,Education,I have a stable job and plan to pay this off early.,0,neutral,0.5154739618301392,0
4758367b-a649-4cdc-907b-907265e58f34,23,121398,575,14279,14.01,5.76,Education,Need cash fast to cover some gambling losses.,1,positive,0.49670520424842834,0
06a241af-1d0a-47f7-b5e4-a4713fe68c9c,21,47577,599,46462,4.57,17.29,Debt Consolidation,I missed a few payments recently due to an emergency.,0,negative,0.9581639170646667,1
848af440-7fc1-4858-afa0-d842bc55300b,25,132190,706,11968,5.95,28.8,Education,I have never missed a payment in 10 years.,0,negative,0.7025801539421082,1
1e2595b8-8fc9-486b-a9dd-ebf563119aca,42,131367,665,49459,12.14,9.83,Education,Using this for home renovation which will increase asset value.,0,positive,0.7973698973655701,0
b43bd27f-42a2-49a6-8664-12854303cbc1,69,30975,730,43868,7.23,7.53,Business,Overwhelmed by bills and need a quick fix.,1,negative,0.919330358505249,1
9ca3fbb3-ff11-48ba-b6ee-1640723ef466,44,97536,676,15813,12.93,42.03,Debt Consolidation,Overwhelmed by bills and need a quick fix.,1,negative,0.919330358505249,1
ffa623d0-ea9e-4c8d-b1a8-b71f491b90e9,60,74300,648,15338,3.84,24.48,Debt Consolidation,I am very financially responsible and have savings.,0,neutral,0.8698418736457825,0
22bf18f5-1f65-4a87-b33e-e3447dbf4bc1,62,102821,639,23594,12.45,37.3,Personal,I am very financially responsible and have savings.,0,neutral,0.8698418736457825,0
2c33350c-73b9-41d8-92f5-131ada52d2ee,38,93562,653,34518,12.36,42.52,Education,I am very financially responsible and have savings.,0,neutral,0.8698418736457825,0
ff4c96d6-71f2-4e8f-b69f-68c3e60fd420,52,105222,679,10768,16.98,36.3,Business,Using this for home renovation which will increase asset value.,0,positive,0.7973698973655701,0
f7b217c7-ae92-4a71-8f7d-cb431679742f,28,94494,669,11270,16.81,39.51,Education,I am very financially responsible and have savings.,0,neutral,0.8698418736457825,0
aaf78c67-51d0-4109-bc90-2838d8741408,63,52277,707,23115,4.64,9.51,Home Imp,I have never missed a payment in 10 years.,0,negative,0.7025801539421082,1
8ccc9cea-109f-48ee-b5a4-720058f0dd23,52,48111,585,15470,17.91,6.72,Business,My business is struggling but I hope this loan helps.,1,positive,0.6618829369544983,0
4cc9f5f2-e42e-4037-8a55-2ea08acbbe09,60,130533,607,34697,4.43,34.62,Education,I have never missed a payment in 10 years.,0,negative,0.7025801539421082,1
b5a5f8e6-b639-4f04-a852-4385d9f2dd0d,53,40212,646,9643,22.74,33.86,Education,I am very financially responsible and have savings.,0,neutral,0.8698418736457825,0
2c913a7c-a340-4f08-b341-91b8ed6522b4,64,142751,705,26344,8.45,9.41,Home Imp,Need cash fast to cover some gambling losses.,1,positive,0.49670520424842834,0
3967e60a-823d-4107-9c8a-c066cb2fafa3,45,141833,716,19461,5.08,28.4,Debt Consolidation,I missed a few payments recently due to an emergency.,0,negative,0.9581639170646667,1
cac4d0eb-3373-430e-bc31-a5971f119c0f,50,48338,630,30384,11.53,23.31,Home Imp,Using this for home renovation which will increase asset value.,0,positive,0.7973698973655701,0
7e7838c9-ca55-438b-bc9a-be10238d6f44,42,41673,528,7103,18.38,7.39,Home Imp,I have a lot of other debts but I promise to pay.,1,neutral,0.8092361092567444,0
9280c5aa-8dd4-495b-9c63-b6f306ba8cd3,31,124659,647,27516,8.23,16.81,Home Imp,My salary just increased so I can afford this loan.,0,positive,0.947860836982727,0
fba6abf7-cdbc-4653-b7a7-e8b75e70f65f,31,100775,689,41225,21.88,8.46,Education,My salary just increased so I can afford this loan.,0,positive,0.947860836982727,0
e25df9a8-9ca8-45c4-a138-afe08d38bbd8,51,134705,676,35327,9.5,34.2,Home Imp,Using this for home renovation which will increase asset value.,0,positive,0.7973698973655701,0
65edcfe3-4f2d-4d3f-90d4-de39161237c9,58,149027,708,14762,23.15,40.93,Personal,I have a lot of other debts but I promise to pay.,0,neutral,0.8092361092567444,0
7a89cbeb-b807-478a-b788-f5d1ffe575f6,67,125742,734,38044,4.22,26.24,Personal,I have a stable job and plan to pay this off early.,0,neutral,0.5154739618301392,0
68d0a2a8-c4e7-47dd-a929-de738693fd9d,49,89918,660,20762,5.29,35.12,Personal,My business is struggling but I hope this loan helps.,0,positive,0.6618829369544983,0
20156a72-12e1-43a6-932c-ae01d2c65ee4,36,109887,649,10946,3.84,31.76,Home Imp,I am very financially responsible and have savings.,0,neutral,0.8698418736457825,0
12fc7a87-a470-4d48-9128-b9b1f8ede0ca,58,28199,611,34808,13.47,10.54,Personal,Overwhelmed by bills and need a quick fix.,1,negative,0.919330358505249,1
8471b4b0-ae1b-4f69-b740-d83173318749,50,117261,604,46510,3.53,30.09,Personal,I have a stable job and plan to pay this off early.,0,neutral,0.5154739618301392,0
d43cdd6d-e0c1-4f1e-a0da-897258321ee4,39,80823,585,22680,18.51,29.5,Education,I have a stable job and plan to pay this off early.,0,neutral,0.5154739618301392,0
96792482-a3c9-48e4-8d22-38e6c7bf4fbc,60,140454,644,27000,19.32,7.19,Business,My business is struggling but I hope this loan helps.,0,positive,0.6618829369544983,0
21084dd9-f75d-4e3c-848d-56502e9522d6,50,106151,723,7678,11.36,12.01,Education,Using this for home renovation which will increase asset value.,0,positive,0.7973698973655701,0
de431e06-e924-4069-80bb-ae526ec01269,29,68899,697,20639,15.1,30.96,Education,I am very financially responsible and have savings.,0,neutral,0.8698418736457825,0
84a2576c-1fc9-45f8-94d6-07350e2f8958,69,54548,636,26001,11.08,15.69,Personal,My business is struggling but I hope this loan helps.,0,positive,0.6618829369544983,0
2976aab2-2a26-4770-8ddb-1b36272c0588,49,88730,775,37863,14.82,9.91,Education,Consolidating debt to reduce my overall monthly payments.,0,negative,0.7052075266838074,1
39b86bb2-b596-4a7c-af4a-fa885299e505,49,106389,640,29126,20.7,42.81,Debt Consolidation,I am currently between jobs but expect an offer soon.,1,neutral,0.8484305739402771,0
84d67c4f-f0df-4684-b28e-41225894f7f1,26,76207,730,16718,9.7,43.27,Debt Consolidation,Using this for home renovation which will increase asset value.,1,positive,0.7973698973655701,0
143029a9-d88f-4c94-88b7-63d5e519dd7e,52,44726,737,18386,14.69,30.09,Business,Using this for home renovation which will increase asset value.,0,positive,0.7973698973655701,0
f4d375c1-a293-49fa-b240-d7a14027ab7d,51,70442,687,32533,13.04,30.79,Business,Need cash fast to cover some gambling losses.,0,positive,0.49670520424842834,0
a0017720-200b-4903-8642-6c458d03f17a,54,109498,638,27012,12.35,18.71,Business,My salary just increased so I can afford this loan.,0,positive,0.947860836982727,0
17eaec83-8892-442f-9d4b-2bf94d85e9c7,56,83360,648,35015,10.04,10.28,Business,I have never missed a payment in 10 years.,0,negative,0.7025801539421082,1
9780c215-2b2b-48e9-a417-c09380a8a23d,44,62767,671,8101,6.69,16.38,Home Imp,I missed a few payments recently due to an emergency.,0,negative,0.9581639170646667,1
2bd3cdcd-2779-4685-94a5-3fdef10d27c8,39,48891,592,16492,21.55,32.71,Home Imp,Consolidating debt to reduce my overall monthly payments.,1,negative,0.7052075266838074,1
e6e987ca-b87b-4384-9fdd-de2ea8a2b7ad,57,41577,609,33894,9.1,12.38,Education,Consolidating debt to reduce my overall monthly payments.,0,negative,0.7052075266838074,1
ec86a890-d7b0-4bdc-966e-3cbe9aea622f,30,73878,612,34388,15.11,11.5,Business,I have a lot of other debts but I promise to pay.,0,neutral,0.8092361092567444,0
dd20c3bf-d342-4f08-8a8b-b5b490494583,70,44055,685,35018,23.45,11.24,Education,I am very financially responsible and have savings.,0,neutral,0.8698418736457825,0
f2d3f761-0ba3-4279-94cb-056407437c3b,39,87116,726,23994,24.35,35.17,Education,I am very financially responsible and have savings.,0,neutral,0.8698418736457825,0
43c07d43-93a7-4792-8561-b8dca4364fcd,49,69392,699,12360,19.23,41.01,Home Imp,I am currently between jobs but expect an offer soon.,0,neutral,0.8484305739402771,0
92779574-c457-4cc3-b5f7-89bca6b07458,46,105939,720,19441,13.09,8.7,Debt Consolidation,I missed a few payments recently due to an emergency.,0,negative,0.9581639170646667,1
07c0d116-a394-4d54-9e3c-5a886aa56e6d,35,127404,637,23214,7.71,8.34,Personal,My salary just increased so I can afford this loan.,0,positive,0.947860836982727,0
8baaf744-a08d-421b-a395-4cb17f7f6c0a,46,50486,643,37143,10.33,29.2,Debt Consolidation,Using this for home renovation which will increase asset value.,0,positive,0.7973698973655701,0
4d560a3d-f4e7-469a-a454-09374a27ebf2,66,136909,664,33025,11.45,19.91,Business,I have never missed a payment in 10 years.,0,negative,0.7025801539421082,1
ceae71cf-ce00-4af0-beb0-51817ba24588,56,36481,680,19135,19.15,22.77,Personal,I am very financially responsible and have savings.,0,neutral,0.8698418736457825,0
741b77f5-4c24-4053-a7f5-ae02af5b8f47,48,120499,782,32144,6.5,28.49,Debt Consolidation,I missed a few payments recently due to an emergency.,1,negative,0.9581639170646667,1
2877f5d9-0f56-45f8-b048-faa112ae5c22,42,33665,624,43710,19.76,8.54,Personal,Using this for home renovation which will increase asset value.,0,positive,0.7973698973655701,0
76e5ae78-7bf7-41d3-aa66-2fce7089fc6d,56,85570,713,42218,19.74,10.48,Home Imp,I have never missed a payment in 10 years.,0,negative,0.7025801539421082,1
24c778a5-9b4e-464b-9716-dc2e343ada2a,23,132845,752,24791,21.44,17.16,Education,I have a stable job and plan to pay this off early.,0,neutral,0.5154739618301392,0
51beb80e-b7e6-414c-9c8a-49225005680f,30,59429,687,24671,24.05,38.37,Personal,My business is struggling but I hope this loan helps.,1,positive,0.6618829369544983,0
586a346a-dc5b-47d1-bcef-1972bbf483ce,47,48510,641,37236,23.0,30.79,Debt Consolidation,I am currently between jobs but expect an offer soon.,1,neutral,0.8484305739402771,0
c2baf0e0-2179-43f0-a612-4ab4f9b21e6e,59,122722,632,28708,15.99,27.62,Business,I am very financially responsible and have savings.,0,neutral,0.8698418736457825,0
1b2ededb-8fc8-4fc0-83d5-bceb5edbb8ee,28,73916,612,38588,19.26,5.7,Business,My business is struggling but I hope this loan helps.,0,positive,0.6618829369544983,0
1f5d988f-776a-4f09-bde2-885951b1943c,50,140122,579,13879,11.18,7.12,Business,My business is struggling but I hope this loan helps.,1,positive,0.6618829369544983,0
24108e9a-3f77-4cae-b318-b96d44790612,24,62992,651,24114,14.89,42.45,Education,I am currently between jobs but expect an offer soon.,1,neutral,0.8484305739402771,0
f204be89-4a4b-4563-8cf4-77ef18c8a616,59,123648,660,15953,15.19,39.9,Business,Consolidating debt to reduce my overall monthly payments.,0,negative,0.7052075266838074,1
6b0ae0e3-9d89-4047-9d39-d7936257a4a2,27,95047,712,43013,11.06,10.75,Home Imp,I have never missed a payment in 10 years.,0,negative,0.7025801539421082,1
e6fdd7af-dd84-4acc-b672-94643f8ea40a,47,69605,634,15684,5.7,11.18,Home Imp,My salary just increased so I can afford this loan.,0,positive,0.947860836982727,0
ef0a573d-53d2-456d-9040-158728e213bc,60,115394,664,39449,21.69,33.5,Debt Consolidation,I have a stable job and plan to pay this off early.,0,neutral,0.5154739618301392,0
3098f7b2-500e-45c0-b89b-df7f93e34c35,29,146033,693,6138,13.81,17.46,Business,My salary just increased so I can afford this loan.,0,positive,0.947860836982727,0
fef7d9ea-7f8e-4483-a8ca-aa1dc35bec2c,54,125085,699,27416,7.2,17.19,Debt Consolidation,Using this for home renovation which will increase asset value.,0,positive,0.7973698973655701,0
e10b1a47-7fae-4748-b781-321e83c501cb,65,54697,697,25147,6.19,10.21,Debt Consolidation,I have a stable job and plan to pay this off early.,0,neutral,0.5154739618301392,0
170d7507-05ee-41d4-bf53-a88e4efc8248,25,27464,664,36736,19.78,6.7,Debt Consolidation,I missed a few payments recently due to an emergency.,1,negative,0.9581639170646667,1
750d112e-8164-4eec-a4ab-851bf1fac6e7,24,86483,602,12793,23.03,6.73,Business,I have a stable job and plan to pay this off early.,0,neutral,0.5154739618301392,0
95560a2d-3713-4466-bda0-6476f778c676,59,51922,680,43509,22.88,12.39,Business,I am very financially responsible and have savings.,1,neutral,0.8698418736457825,0
4806f804-0cf0-474c-8c74-dc0f5a575539,38,149360,647,42994,10.98,11.42,Education,My salary just increased so I can afford this loan.,0,positive,0.947860836982727,0
d7c4fe9c-e1e0-4ffc-98f6-fd7f7eb162f1,57,33957,718,11494,21.12,35.53,Education,Consolidating debt to reduce my overall monthly payments.,1,negative,0.7052075266838074,1
4926ce5f-7878-4140-ac2a-4f71a77d95f1,31,143182,679,40201,3.59,34.01,Home Imp,I have never missed a payment in 10 years.,0,negative,0.7025801539421082,1
1b84edc3-d8e0-49de-8217-ea0e896490ab,44,116505,685,43625,7.48,31.94,Debt Consolidation,I have never missed a payment in 10 years.,0,negative,0.7025801539421082,1
43b47ee5-e1e8-4e7e-a249-8f666e51484d,48,53085,790,38701,8.39,9.51,Business,Need cash fast to cover some gambling losses.,0,positive,0.49670520424842834,0
673ba8bd-c38c-4dec-9da3-9a73ba3df7ff,52,124912,712,28674,18.65,27.29,Debt Consolidation,I have never missed a payment in 10 years.,0,negative,0.7025801539421082,1
0d18ab95-668c-4477-8b95-017c5dae1201,39,84892,686,44347,19.33,32.48,Personal,I have never missed a payment in 10 years.,0,negative,0.7025801539421082,1
5cce5ba9-31d4-4e09-8fd3-3afc91fdfa4f,33,137299,670,9561,22.74,37.1,Business,I have never missed a payment in 10 years.,0,negative,0.7025801539421082,1
62e7c1a6-12d2-4a06-89e1-cd138da00495,64,38785,596,30976,12.92,31.34,Debt Consolidation,Overwhelmed by bills and need a quick fix.,1,negative,0.919330358505249,1
8cc36f3b-c3af-4cfe-b34a-6ca38116e3fc,58,38332,647,16057,4.89,44.01,Business,I have a lot of other debts but I promise to pay.,1,neutral,0.8092361092567444,0
9f8cc29f-fd35-4c5f-9347-9a3b479bc637,28,55522,618,32833,19.09,16.14,Education,I am very financially responsible and have savings.,0,neutral,0.8698418736457825,0
20f0156a-1e6a-4628-9c6d-52d5ae2e9af9,46,71674,747,36183,17.83,43.01,Personal,I have a lot of other debts but I promise to pay.,0,neutral,0.8092361092567444,0
5f89ed12-64d6-4fbf-98c0-1e2bf99f0704,27,41015,677,21429,14.02,14.23,Home Imp,I have a stable job and plan to pay this off early.,0,neutral,0.5154739618301392,0
8ece1128-56ce-4b42-bc9e-1dcbcb7e6268,52,113880,732,6753,24.4,20.31,Business,I am currently between jobs but expect an offer soon.,1,neutral,0.8484305739402771,0
24eeb4a6-c145-45c7-9d98-6115f05eeefe,69,35029,626,48324,19.66,35.7,Personal,I have never missed a payment in 10 years.,0,negative,0.7025801539421082,1
66c14dca-8255-4a61-9a3b-031932f57510,53,59296,622,40549,10.89,39.39,Education,I have a lot of other debts but I promise to pay.,1,neutral,0.8092361092567444,0
09f64405-0b99-4034-8a4e-255280051b10,28,75283,697,34498,10.26,20.05,Personal,Overwhelmed by bills and need a quick fix.,0,negative,0.919330358505249,1
cdd0b4d4-5542-47de-b6ad-f48b2314d0c8,70,64720,618,15757,14.07,10.38,Personal,Overwhelmed by bills and need a quick fix.,0,negative,0.919330358505249,1
2620f9a9-74fd-43d1-84f2-fd0f79474bfa,52,111517,650,41292,18.24,27.89,Personal,I am currently between jobs but expect an offer soon.,0,neutral,0.8484305739402771,0
23c8afdb-83f8-4f16-a4a4-474c9b33e3a4,46,59523,748,37420,16.21,20.11,Business,I have a stable job and plan to pay this off early.,0,neutral,0.5154739618301392,0
518b2f21-9cf2-4859-ae6e-2e7253f591dc,22,102393,650,7956,6.26,19.66,Education,My business is struggling but I hope this loan helps.,1,positive,0.6618829369544983,0
9dd2f9de-fd98-4e33-a498-abe92999bbef,45,37759,586,33059,10.92,19.29,Business,Need cash fast to cover some gambling losses.,1,positive,0.49670520424842834,0
97fe56c5-4c9a-4f24-97b4-c294bd44089d,62,65907,575,43832,5.33,32.52,Business,My salary just increased so I can afford this loan.,1,positive,0.947860836982727,0
827c9f8c-d40a-45e9-81df-6517561c9210,41,29899,579,35206,17.64,21.9,Education,I am very financially responsible and have savings.,0,neutral,0.8698418736457825,0
901bcdef-b56f-48ce-bd66-971e88476c56,51,102068,733,6457,24.69,20.11,Personal,I have a lot of other debts but I promise to pay.,0,neutral,0.8092361092567444,0
044251db-d0d4-4a67-b992-8faa4cbf131d,27,115552,645,49244,7.93,24.87,Business,I have never missed a payment in 10 years.,0,negative,0.7025801539421082,1
1c0f0bdc-ac7e-437c-94cc-1e2a5e4cb287,33,90136,795,46644,21.72,36.49,Education,Consolidating debt to reduce my overall monthly payments.,0,negative,0.7052075266838074,1
4ec3f970-956d-40e4-aaa2-6216fada98f5,57,77694,742,19803,16.93,43.32,Education,I am currently between jobs but expect an offer soon.,1,neutral,0.8484305739402771,0
df41e335-b9ae-48e4-a615-99c8cbf81f86,57,130013,776,39803,13.72,13.39,Debt Consolidation,Consolidating debt to reduce my overall monthly payments.,0,negative,0.7052075266838074,1
98cf1188-06d2-4913-a117-3719b023a0ea,48,111960,723,40386,10.24,21.57,Business,My salary just increased so I can afford this loan.,0,positive,0.947860836982727,0
a7d4cf50-f791-41e5-83f9-cd6b797ebe87,32,140460,707,6219,17.0,25.65,Home Imp,I am very financially responsible and have savings.,0,neutral,0.8698418736457825,0
9416e4dc-c6b2-4def-b8d8-b7f1c86c6544,50,60118,621,46807,14.95,29.58,Personal,I have a stable job and plan to pay this off early.,0,neutral,0.5154739618301392,0
0d259caa-b8ad-4d87-ba40-45dd93dfd907,54,51299,660,28873,13.44,14.61,Business,I have a stable job and plan to pay this off early.,0,neutral,0.5154739618301392,0
86341718-2ba6-4db3-bafe-b1149561c813,61,51680,695,32029,9.24,16.48,Home Imp,I have never missed a payment in 10 years.,0,negative,0.7025801539421082,1
c64c9647-9ea7-417c-b89f-7039a107cc46,36,39884,705,14827,7.63,14.82,Business,I have never missed a payment in 10 years.,0,negative,0.7025801539421082,1
d25864f2-25d4-40fc-a154-2765d756ba9c,48,109793,614,7425,7.84,15.91,Debt Consolidation,I am very financially responsible and have savings.,0,neutral,0.8698418736457825,0
9293f705-0815-4147-be00-980eae441e21,56,48066,649,47224,21.83,43.55,Personal,I am currently between jobs but expect an offer soon.,0,neutral,0.8484305739402771,0
30d73df7-1c22-4cea-b355-56a5f2bd92f2,41,103852,666,24528,22.14,41.02,Personal,I have a stable job and plan to pay this off early.,0,neutral,0.5154739618301392,0
6b352f85-504e-4687-b0e7-e75604d9145e,46,148622,673,14211,8.57,27.84,Education,My salary just increased so I can afford this loan.,0,positive,0.947860836982727,0
34323ec6-b0c4-401c-a9b7-c0fa26c432f6,70,147100,628,39423,8.91,40.38,Home Imp,Consolidating debt to reduce my overall monthly payments.,0,negative,0.7052075266838074,1
9c89d374-c664-45a7-8077-3e33690e7e62,42,134095,769,43294,19.35,37.23,Home Imp,I have a stable job and plan to pay this off early.,0,neutral,0.5154739618301392,0
d92f3c1e-df70-4b2a-b8bb-22a5eba742d2,32,53063,649,22992,12.95,15.17,Education,Overwhelmed by bills and need a quick fix.,1,negative,0.919330358505249,1
b4adaf89-0ff1-4a9f-ba37-0623bc5fd4dd,28,66482,615,40765,12.61,32.31,Business,Consolidating debt to reduce my overall monthly payments.,0,negative,0.7052075266838074,1
8f964685-3514-4890-84c8-6c4623595fa4,51,118804,767,29100,21.16,5.84,Education,I am currently between jobs but expect an offer soon.,1,neutral,0.8484305739402771,0
7a768555-a987-4218-bf84-faef5336723b,65,145252,756,49013,8.65,27.11,Business,I am very financially responsible and have savings.,0,neutral,0.8698418736457825,0
f4e95734-5052-4700-a077-96a38685abaa,28,95111,676,20491,21.94,20.54,Personal,Consolidating debt to reduce my overall monthly payments.,0,negative,0.7052075266838074,1
887b03e5-e980-4808-b5ac-824c2c55aef7,26,147725,591,20431,9.89,39.38,Home Imp,I am very financially responsible and have savings.,0,neutral,0.8698418736457825,0
ad05b912-5ab2-4d4a-8bd8-8fcd57a2be4e,47,128457,652,7220,9.39,8.2,Personal,Consolidating debt to reduce my overall monthly payments.,0,negative,0.7052075266838074,1
ae455cc6-b88e-430f-9e1e-994ac5a11f5c,66,80360,586,11579,21.22,32.94,Education,Overwhelmed by bills and need a quick fix.,1,negative,0.919330358505249,1
43ad3d62-b17c-4b21-8dbc-2c1ca4afe7bd,56,121703,700,26415,13.25,6.09,Debt Consolidation,I have a lot of other debts but I promise to pay.,0,neutral,0.8092361092567444,0
f5141058-3138-4975-bbf3-3a349c2dfa97,62,42837,631,5201,12.11,30.13,Business,Need cash fast to cover some gambling losses.,0,positive,0.49670520424842834,0
4c6a70f4-8ede-444d-876c-f68c3f1be0d0,54,118528,672,47544,19.91,38.88,Personal,I have never missed a payment in 10 years.,0,negative,0.7025801539421082,1
fb756923-f910-4bb3-b105-32523990e2c9,68,42499,747,22083,7.23,28.72,Business,I have a lot of other debts but I promise to pay.,0,neutral,0.8092361092567444,0
b4746349-49fc-4cd8-856b-ad4c4c3077c4,44,48840,629,30788,22.34,42.79,Education,I missed a few payments recently due to an emergency.,1,negative,0.9581639170646667,1
7d2f4e58-b47a-4c5b-b0b3-901535102852,62,105216,694,46066,8.42,8.56,Personal,Using this for home renovation which will increase asset value.,0,positive,0.7973698973655701,0
8f7c1d59-594b-4a3a-bad4-65a15129950d,24,77564,703,45501,12.72,15.41,Debt Consolidation,I missed a few payments recently due to an emergency.,0,negative,0.9581639170646667,1
b8beff3d-cb9f-4f6d-af3a-6f27ef06fccb,28,26850,716,39461,12.86,41.8,Personal,Using this for home renovation which will increase asset value.,0,positive,0.7973698973655701,0
92cf6021-1f33-442d-89ac-908746015028,66,51626,655,17487,23.84,37.54,Business,Using this for home renovation which will increase asset value.,0,positive,0.7973698973655701,0
e5508ea2-6133-434d-8b0e-8eb1ad371d9e,48,137241,667,18540,16.4,44.81,Business,Need cash fast to cover some gambling losses.,0,positive,0.49670520424842834,0
585abefb-d181-4f77-a500-1423faebcd19,47,128869,664,14564,4.12,44.05,Home Imp,Consolidating debt to reduce my overall monthly payments.,0,negative,0.7052075266838074,1
257f7595-cdfb-4db9-85e7-8b23f4613f09,58,114688,691,47417,13.35,5.41,Home Imp,I have never missed a payment in 10 years.,0,negative,0.7025801539421082,1
f48f709c-49a2-4441-8ac4-de854a5b1aff,64,52815,735,30132,18.73,34.44,Business,I have a stable job and plan to pay this off early.,0,neutral,0.5154739618301392,0
ec8be537-58ab-4778-943b-45e3b6d1f6bb,42,147036,665,20390,13.63,19.17,Education,My salary just increased so I can afford this loan.,0,positive,0.947860836982727,0
bf519362-41a6-4fed-a7ed-c8d8713f8f8c,66,123073,553,7982,3.62,25.18,Personal,My business is struggling but I hope this loan helps.,1,positive,0.6618829369544983,0
d3f4a49b-33ba-4a88-b6c7-d6fa7aa4f052,29,141945,722,41671,4.38,12.17,Home Imp,I have never missed a payment in 10 years.,0,negative,0.7025801539421082,1
8fe069b6-eeda-4802-8568-f42689e03e22,29,36750,660,25795,18.77,22.32,Business,Using this for home renovation which will increase asset value.,1,positive,0.7973698973655701,0
1bf645f6-2324-4211-8588-fc1bb2384849,52,139252,703,23415,19.58,42.05,Business,Consolidating debt to reduce my overall monthly payments.,0,negative,0.7052075266838074,1
3d4196fe-963a-4617-bdab-07e79d9d028e,54,66026,585,33558,22.69,17.62,Personal,Overwhelmed by bills and need a quick fix.,0,negative,0.919330358505249,1
e7ba26ac-ab7a-4d1c-8cfe-f6833e11bafe,61,129624,649,33835,4.64,10.94,Home Imp,Using this for home renovation which will increase asset value.,0,positive,0.7973698973655701,0
3b9b2d45-a350-45e4-b9c5-9df987f255d6,66,86228,706,33601,5.99,40.81,Personal,Overwhelmed by bills and need a quick fix.,1,negative,0.919330358505249,1
548e1f6b-69ce-4e4e-99a6-92c90d700ea4,56,88596,605,34999,14.1,38.83,Home Imp,My business is struggling but I hope this loan helps.,0,positive,0.6618829369544983,0
ae62990c-19bd-4f93-b8ef-7666b7a4c719,32,134439,700,16029,19.62,37.9,Education,My salary just increased so I can afford this loan.,0,positive,0.947860836982727,0
f6eab3a0-0153-4221-a331-0a28c550eca8,21,93945,667,42407,7.38,41.82,Home Imp,Consolidating debt to reduce my overall monthly payments.,0,negative,0.7052075266838074,1
286ed390-edd9-4a1a-ba58-5b278ce3e7c3,22,62261,625,49650,24.6,9.88,Business,Consolidating debt to reduce my overall monthly payments.,0,negative,0.7052075266838074,1
e1721c83-ef5e-4376-a723-fb72682b163a,30,28784,615,10312,13.4,33.31,Personal,My salary just increased so I can afford this loan.,0,positive,0.947860836982727,0
a689b424-7a3a-40e1-b9c7-73a0e0decc3d,63,25760,604,26589,24.35,31.25,Personal,Overwhelmed by bills and need a quick fix.,1,negative,0.919330358505249,1
4988e418-f6c3-4218-8183-6315330f8be1,57,41950,661,18852,22.06,37.06,Business,I am currently between jobs but expect an offer soon.,0,neutral,0.8484305739402771,0
0f25477d-a559-40e7-8910-fade52380bf2,56,149767,688,44471,11.7,20.95,Home Imp,I have never missed a payment in 10 years.,0,negative,0.7025801539421082,1
a6fd0cb1-16e6-45c0-84cb-294fe86e8e63,26,27688,637,18646,7.0,36.18,Business,Using this for home renovation which will increase asset value.,0,positive,0.7973698973655701,0
bd1a8f4b-88ff-4d40-bb72-c86d92fa675f,28,64131,609,37168,20.72,34.44,Business,Consolidating debt to reduce my overall monthly payments.,0,negative,0.7052075266838074,1
098c60b3-efc9-409e-99af-6e09b91e3d6e,63,37597,511,29081,14.52,24.58,Personal,I have a lot of other debts but I promise to pay.,1,neutral,0.8092361092567444,0
6afa828c-2cd1-4b9f-abe5-841fe9c96c52,26,124154,696,32691,20.94,29.55,Personal,I missed a few payments recently due to an emergency.,0,negative,0.9581639170646667,1
ef158d5b-2d00-4d05-966d-4627e1dace6a,42,85755,712,49331,8.32,32.45,Home Imp,I am very financially responsible and have savings.,0,neutral,0.8698418736457825,0
d61169a1-ff46-46bf-894d-916deb6d2fed,54,36006,688,24051,13.57,8.17,Personal,I am very financially responsible and have savings.,0,neutral,0.8698418736457825,0
2fb21e66-7ed1-4aab-89b7-c9bc65a16fa9,40,135302,779,21295,14.75,16.82,Debt Consolidation,My salary just increased so I can afford this loan.,0,positive,0.947860836982727,0
df4e713e-f64e-4dfc-bfbe-ac7aefc59738,27,91932,659,32847,12.38,23.59,Education,My salary just increased so I can afford this loan.,0,positive,0.947860836982727,0
0997623a-e072-4d96-8a1a-81f5ed10f004,26,125748,743,37993,3.85,34.62,Personal,I have a lot of other debts but I promise to pay.,0,neutral,0.8092361092567444,0
9a4ffc0c-9165-42ed-8c63-6e95025f5543,23,35917,624,32279,22.35,16.91,Education,I have never missed a payment in 10 years.,0,negative,0.7025801539421082,1
55c551fc-fba5-4cc8-adaf-37661b780ede,60,130884,636,22371,10.84,41.72,Home Imp,My salary just increased so I can afford this loan.,1,positive,0.947860836982727,0
a42d0cd7-fd35-4f6a-b450-388748d90846,37,139244,683,49132,5.79,26.38,Debt Consolidation,Overwhelmed by bills and need a quick fix.,0,negative,0.919330358505249,1
e3a68a70-7e71-4b55-8639-bd418b15bd94,51,85314,748,31548,22.18,43.63,Education,My salary just increased so I can afford this loan.,0,positive,0.947860836982727,0
811414f8-d9df-4d0e-a25a-ed6cf0458043,44,115526,658,49158,24.21,32.0,Business,Using this for home renovation which will increase asset value.,1,positive,0.7973698973655701,0
cf0e6d2b-315c-467a-85d8-a6ad77d0359e,28,131950,598,6041,18.46,12.53,Debt Consolidation,Overwhelmed by bills and need a quick fix.,1,negative,0.919330358505249,1
bb2aa146-2999-494c-94a7-b69b1cd66b09,36,82119,710,46029,21.95,26.54,Debt Consolidation,I have never missed a payment in 10 years.,0,negative,0.7025801539421082,1
b7f60cdf-41dc-4c60-a5f6-0735757b6b29,48,27859,651,12632,7.07,11.1,Personal,I have never missed a payment in 10 years.,0,negative,0.7025801539421082,1
564cfbd2-bc92-4d81-839b-058c2faabe0b,58,56801,676,18194,9.84,38.18,Personal,I am very financially responsible and have savings.,1,neutral,0.8698418736457825,0
aca58d95-915a-4c30-8b86-b5a1ca6fbff8,66,81595,628,32242,21.75,34.48,Education,I have a stable job and plan to pay this off early.,0,neutral,0.5154739618301392,0
9c678393-2ced-4c0d-b173-04b5c1dd484a,52,77386,671,36857,14.54,33.98,Personal,I am currently between jobs but expect an offer soon.,0,neutral,0.8484305739402771,0
67ce378f-e5a4-483b-a383-889adb2c6ac8,48,100550,598,25699,15.39,15.71,Personal,I missed a few payments recently due to an emergency.,0,negative,0.9581639170646667,1
53f30073-83e9-4ef4-ad7d-f5d0d3b59af7,62,70451,757,34381,18.5,5.83,Business,I have never missed a payment in 10 years.,0,negative,0.7025801539421082,1
186b2880-ab54-4a15-a69d-01ff1634725b,35,91536,722,19398,16.13,32.4,Education,I have never missed a payment in 10 years.,0,negative,0.7025801539421082,1
7a3a6e96-23ff-43d3-bb4f-b88a2f4dd219,29,140759,681,24227,19.04,20.61,Personal,I am very financially responsible and have savings.,0,neutral,0.8698418736457825,0
01bf9e73-3f80-4385-af92-40b652d78f10,44,129329,718,35954,20.69,38.78,Education,I have a stable job and plan to pay this off early.,0,neutral,0.5154739618301392,0
725d4259-3c4b-4eec-a231-ee7342c2d2eb,63,88293,635,13460,7.23,11.25,Personal,I have a lot of other debts but I promise to pay.,1,neutral,0.8092361092567444,0
546252e7-f43b-4052-8459-bd6ec0f63229,40,55765,712,18725,15.47,44.97,Business,Using this for home renovation which will increase asset value.,0,positive,0.7973698973655701,0
92a81713-b90e-444b-951c-25d54d4c5280,32,133520,659,37995,4.19,7.55,Personal,My salary just increased so I can afford this loan.,0,positive,0.947860836982727,0
5c0b9b10-a757-4b10-82f5-25b902ed73ce,35,88748,647,21896,24.86,36.4,Debt Consolidation,Using this for home renovation which will increase asset value.,0,positive,0.7973698973655701,0
aaf407f7-0fe7-4149-bc7e-5368b1594847,65,139517,630,38776,16.49,9.17,Debt Consolidation,I have never missed a payment in 10 years.,0,negative,0.7025801539421082,1
28e333b6-4e8a-4c4b-b724-20411e43fbd2,69,39539,679,11939,20.31,29.39,Debt Consolidation,I am currently between jobs but expect an offer soon.,0,neutral,0.8484305739402771,0
ec50ace4-80a5-4e65-afa2-855967c96204,31,107565,672,12737,22.22,41.44,Home Imp,My salary just increased so I can afford this loan.,0,positive,0.947860836982727,0
c5144d98-b41c-404f-a346-f415e5267a2b,52,121017,744,11507,6.82,19.55,Home Imp,I have never missed a payment in 10 years.,0,negative,0.7025801539421082,1
a38295d3-1e0e-4546-b0b6-dedf4f9c4027,70,125798,622,5431,8.77,37.37,Business,My business is struggling but I hope this loan helps.,0,positive,0.6618829369544983,0
5e175b66-4b87-459f-b0cd-7f05ea87855e,44,118742,695,32198,11.25,31.6,Home Imp,Using this for home renovation which will increase asset value.,0,positive,0.7973698973655701,0
f5159494-3818-4fd3-b889-936a9d5817e8,29,130089,735,33103,12.39,21.37,Personal,I am very financially responsible and have savings.,0,neutral,0.8698418736457825,0
74797b61-2737-4b52-ba6a-210722319050,44,148697,809,6950,13.02,35.81,Education,My business is struggling but I hope this loan helps.,0,positive,0.6618829369544983,0
5fa5e0aa-9b11-4530-bd24-7c11bf6b8cdf,46,126236,684,15769,12.83,20.73,Debt Consolidation,My salary just increased so I can afford this loan.,0,positive,0.947860836982727,0
e9ad0e9b-8c9a-41e9-b3b2-63376a74dbb7,24,107786,653,48277,22.33,43.91,Personal,I missed a few payments recently due to an emergency.,1,negative,0.9581639170646667,1
cd4f8b2b-899a-4252-81e1-b94a78883058,40,119575,682,25558,23.05,5.32,Business,Using this for home renovation which will increase asset value.,0,positive,0.7973698973655701,0
c3093b6e-37e9-42e2-935a-c07aaa0217d0,65,77944,731,34241,17.34,40.5,Education,I am very financially responsible and have savings.,0,neutral,0.8698418736457825,0
98874bfe-c136-4c65-ae2a-e3413f59e4f2,43,141349,744,47516,12.2,12.89,Business,I have never missed a payment in 10 years.,0,negative,0.7025801539421082,1
86879aa9-14f5-43d0-8991-2032df85c777,67,119225,667,13257,14.69,26.63,Home Imp,My salary just increased so I can afford this loan.,0,positive,0.947860836982727,0
5c9deee0-b42a-4456-8736-5a84725e134d,42,124227,739,46660,6.94,6.12,Education,Consolidating debt to reduce my overall monthly payments.,0,negative,0.7052075266838074,1
1cb9b73a-906d-4c8c-aad0-8c8913fe8a29,67,80410,664,38113,5.87,7.4,Business,I have a stable job and plan to pay this off early.,0,neutral,0.5154739618301392,0
e723ada3-8c32-4db2-942a-895e0fcf601f,24,124163,716,47661,23.74,22.95,Education,Using this for home renovation which will increase asset value.,0,positive,0.7973698973655701,0
89628f6e-929c-43b3-b3c0-8bf18167999f,68,101230,697,42066,18.86,42.5,Education,Consolidating debt to reduce my overall monthly payments.,0,negative,0.7052075266838074,1
dabf984e-53ff-4461-aa1f-1b61265cb9d9,39,112414,652,42536,17.96,33.57,Education,I missed a few payments recently due to an emergency.,0,negative,0.9581639170646667,1
ae27d432-1dc1-47eb-b11c-767385351a69,58,50238,613,28676,13.27,10.86,Personal,I am currently between jobs but expect an offer soon.,0,neutral,0.8484305739402771,0
7d23d479-9549-4a82-b787-ef8d3495311e,48,141458,739,13523,13.74,22.85,Business,My salary just increased so I can afford this loan.,0,positive,0.947860836982727,0
720b274b-82a7-4586-a61d-9cde1747f387,54,127082,751,30872,22.25,28.37,Personal,I have never missed a payment in 10 years.,0,negative,0.7025801539421082,1
21c71aa3-7414-43b5-8e3e-25f2cf0671c7,67,79646,686,15672,6.6,10.08,Personal,My salary just increased so I can afford this loan.,0,positive,0.947860836982727,0
905c7bdd-74f0-4eae-aa59-43ce836435e3,28,116025,671,18935,13.29,6.3,Home Imp,I have a stable job and plan to pay this off early.,0,neutral,0.5154739618301392,0
ac3a812f-765e-4cb5-8f0d-55400ec7d662,59,136714,618,31779,5.87,19.78,Business,Consolidating debt to reduce my overall monthly payments.,1,negative,0.7052075266838074,1
0592bfa5-b928-423f-8ee4-334ece920136,40,74081,724,24874,9.82,6.12,Home Imp,I have a stable job and plan to pay this off early.,0,neutral,0.5154739618301392,0
00c59f30-d103-4424-8124-1bb4655ce508,40,141530,692,23578,8.14,37.77,Personal,I have a stable job and plan to pay this off early.,0,neutral,0.5154739618301392,0
12b2102d-940c-4503-b7c8-6152beed0af9,23,79732,653,36534,15.82,27.63,Business,I am very financially responsible and have savings.,0,neutral,0.8698418736457825,0
b34c6c73-5833-4b30-ac77-6e950b981ccd,59,42407,702,14078,14.35,23.44,Personal,Overwhelmed by bills and need a quick fix.,0,negative,0.919330358505249,1
0f6ce9bf-fe7e-4362-8a89-b0f0105291d3,41,36706,590,45944,17.79,21.39,Home Imp,I have a stable job and plan to pay this off early.,0,neutral,0.5154739618301392,0
fc737d92-11ab-4d11-a4eb-8000ef40d162,63,141659,628,34038,19.32,30.84,Home Imp,I am very financially responsible and have savings.,0,neutral,0.8698418736457825,0
497ec6d1-081f-46dc-b8d9-a88aef0bea4f,40,98537,635,47281,6.16,27.37,Home Imp,I have a stable job and plan to pay this off early.,0,neutral,0.5154739618301392,0
22ab7752-c4db-4a62-ae13-418d68ab80ea,57,93387,694,17412,19.64,25.11,Debt Consolidation,Need cash fast to cover some gambling losses.,1,positive,0.49670520424842834,0
bab2b77d-fa74-4cc8-a43a-fb7ac40d4874,22,61039,671,18487,8.77,33.22,Education,My salary just increased so I can afford this loan.,0,positive,0.947860836982727,0
5fdcabbf-6b9c-471c-b6ba-745ba55871e3,41,77664,697,43593,4.47,39.48,Debt Consolidation,I am currently between jobs but expect an offer soon.,0,neutral,0.8484305739402771,0
72d35458-61ea-4f30-a42e-707afe2bd987,54,66599,718,30035,9.03,9.59,Debt Consolidation,Using this for home renovation which will increase asset value.,0,positive,0.7973698973655701,0
60a399d4-e821-4716-aac8-0da1de9f6f5b,37,125703,708,10873,6.82,43.09,Home Imp,Need cash fast to cover some gambling losses.,1,positive,0.49670520424842834,0
f6d22a7b-aec7-4a82-948b-4376602a4e57,22,118493,768,8833,9.91,8.95,Home Imp,I have never missed a payment in 10 years.,0,negative,0.7025801539421082,1
220b9ea9-8a0f-4508-9fe2-c0a0a96b3c42,28,31799,711,18274,8.65,28.88,Home Imp,I have never missed a payment in 10 years.,0,negative,0.7025801539421082,1
1e5ebe54-5907-4299-9c3b-bdd8a74e02a9,28,60296,656,8973,10.34,27.12,Debt Consolidation,Using this for home renovation which will increase asset value.,0,positive,0.7973698973655701,0
649f7d88-8989-45ab-be2b-34d82db0728d,22,60279,635,41311,24.21,32.0,Home Imp,Using this for home renovation which will increase asset value.,0,positive,0.7973698973655701,0
fa8dae42-ba54-4920-a099-d18087623997,40,99481,665,31656,13.09,38.85,Education,Consolidating debt to reduce my overall monthly payments.,0,negative,0.7052075266838074,1
c194f97f-00e3-4026-95b6-de85390239d9,55,47044,694,21066,15.06,21.95,Education,I have a lot of other debts but I promise to pay.,0,neutral,0.8092361092567444,0
76876c62-4c61-445e-ba7e-5d9405d1fb63,60,62912,640,47798,24.4,5.02,Personal,I am very financially responsible and have savings.,0,neutral,0.8698418736457825,0
6c93a791-8b60-4511-b816-8aebac6a7c85,45,71061,701,46432,8.07,38.63,Business,My salary just increased so I can afford this loan.,0,positive,0.947860836982727,0
3acb43a3-d2c7-4ffb-a118-433b882ccd1e,25,64405,693,10879,12.0,9.92,Home Imp,I have never missed a payment in 10 years.,0,negative,0.7025801539421082,1
27b608dc-589d-4cb0-b5eb-89c23f5cf2f3,34,105012,624,38083,24.08,17.73,Business,I am very financially responsible and have savings.,0,neutral,0.8698418736457825,0
e00da49d-effa-4002-b040-413c4690fb15,49,60784,716,21117,17.74,17.87,Home Imp,I have a stable job and plan to pay this off early.,0,neutral,0.5154739618301392,0
083f64c3-1ce3-42f8-83f7-25feb99b2b5a,65,42527,676,47365,23.33,29.35,Debt Consolidation,I have never missed a payment in 10 years.,0,negative,0.7025801539421082,1
9d6b9b62-6b53-4a19-a902-b73fcf39f648,56,142344,770,37045,19.89,26.53,Debt Consolidation,I am very financially responsible and have savings.,0,neutral,0.8698418736457825,0
e39836bb-e23d-4faa-afad-49e9c41c147e,49,113112,671,13088,11.09,37.51,Education,Overwhelmed by bills and need a quick fix.,0,negative,0.919330358505249,1
1139fa12-34c1-43ea-bd9c-4e6404015ced,21,41353,643,35323,11.47,12.72,Debt Consolidation,My business is struggling but I hope this loan helps.,0,positive,0.6618829369544983,0
7249f62c-0898-4462-980c-b95c19d45deb,64,145769,626,28450,7.62,37.65,Business,I have never missed a payment in 10 years.,0,negative,0.7025801539421082,1
df495037-b40a-4181-ac09-bdb799086e47,44,29822,602,23399,14.1,33.16,Education,Overwhelmed by bills and need a quick fix.,0,negative,0.919330358505249,1
0b531932-bd94-49aa-bea6-e5b20c760d28,46,39541,705,23176,15.74,24.76,Education,Overwhelmed by bills and need a quick fix.,1,negative,0.919330358505249,1
8a2db2e6-3bfd-48a6-b05f-ddf566fadca0,64,104032,756,42037,7.27,28.53,Debt Consolidation,Using this for home renovation which will increase asset value.,0,positive,0.7973698973655701,0
c6ac1b04-dd1d-4cd1-811f-6bf5379ef467,54,120538,668,22978,7.62,32.12,Education,I have never missed a payment in 10 years.,0,negative,0.7025801539421082,1
fe54ee4b-80ff-4173-a3df-ecd70e731dd7,21,147931,671,32991,17.28,42.72,Debt Consolidation,I have never missed a payment in 10 years.,0,negative,0.7025801539421082,1
ea98fef8-d0d7-4e37-bbf2-025f4a0d2b73,38,40953,661,49575,14.64,24.82,Education,Using this for home renovation which will increase asset value.,0,positive,0.7973698973655701,0
93d563ae-51a3-4c26-937b-f79bbb44badc,24,61429,720,32529,14.95,17.65,Personal,I missed a few payments recently due to an emergency.,0,negative,0.9581639170646667,1
d18183d1-ac2b-4cfc-85c5-1060991121e7,22,121658,627,19786,24.53,21.95,Debt Consolidation,My business is struggling but I hope this loan helps.,0,positive,0.6618829369544983,0
e0527739-4d40-4f1b-bca5-be2952171bf3,40,33237,668,46025,16.94,6.11,Personal,I am very financially responsible and have savings.,0,neutral,0.8698418736457825,0
8570b59f-a903-4e67-bc56-8b5324acb722,42,135167,725,21410,8.81,23.94,Business,My salary just increased so I can afford this loan.,0,positive,0.947860836982727,0
46707cd6-4ced-4164-a9df-14e9389641dd,36,148672,704,9778,20.18,29.78,Debt Consolidation,I have a stable job and plan to pay this off early.,0,neutral,0.5154739618301392,0
97777f10-f2d2-493f-8e85-140d0f9aeb70,24,145155,543,7185,11.61,40.6,Debt Consolidation,I have a lot of other debts but I promise to pay.,0,neutral,0.8092361092567444,0
2cd58759-e95d-4761-bc36-dc59e134edfc,24,64514,696,45025,16.96,7.63,Debt Consolidation,I have never missed a payment in 10 years.,0,negative,0.7025801539421082,1
8e4c3ab5-6d5d-4477-adc2-9178a0411612,46,37560,683,45455,19.67,14.32,Education,I have never missed a payment in 10 years.,0,negative,0.7025801539421082,1
582b91ee-f8e8-435b-8c00-988a7ee1011a,45,85844,735,33056,22.42,29.77,Business,I have a stable job and plan to pay this off early.,0,neutral,0.5154739618301392,0
61935990-abdd-4a8f-a4b0-5c89f10bce9c,50,92792,749,26508,16.14,9.32,Debt Consolidation,Need cash fast to cover some gambling losses.,0,positive,0.49670520424842834,0
b2414482-5198-44d8-8643-3603c92a7d7c,57,41512,724,46770,14.44,19.22,Personal,Using this for home renovation which will increase asset value.,0,positive,0.7973698973655701,0
4cc57e0d-2633-4018-a883-ac6e6a944054,29,129467,679,7888,4.8,17.47,Personal,Consolidating debt to reduce my overall monthly payments.,0,negative,0.7052075266838074,1
89b5aab0-c121-49db-af12-b150605fb1eb,40,101502,590,40464,20.17,10.9,Business,I have a stable job and plan to pay this off early.,0,neutral,0.5154739618301392,0
39b02e2a-d96e-484f-bdb0-174e7938878a,54,101865,778,48101,18.08,7.29,Education,I have a stable job and plan to pay this off early.,0,neutral,0.5154739618301392,0
24f43c62-b523-40de-9b87-d29c4cfd0fc1,48,70064,655,17806,24.49,30.62,Home Imp,I am very financially responsible and have savings.,0,neutral,0.8698418736457825,0
0ec0713d-ea2c-4a51-b688-d11fce4758be,51,116066,675,35631,16.39,18.25,Education,Consolidating debt to reduce my overall monthly payments.,0,negative,0.7052075266838074,1
6aa0426d-f7c0-45f7-a9a5-3b4f8ff8869d,47,68072,748,15635,5.75,40.04,Debt Consolidation,I am very financially responsible and have savings.,0,neutral,0.8698418736457825,0
636f6e5c-2253-4706-87ad-8b268eaa5841,35,115861,636,20091,13.53,13.53,Personal,Consolidating debt to reduce my overall monthly payments.,0,negative,0.7052075266838074,1
548c1d84-340d-4049-8147-65063e2bf9c9,68,74271,598,18455,12.11,38.04,Debt Consolidation,I am currently between jobs but expect an offer soon.,0,neutral,0.8484305739402771,0
73253aa3-ec17-4298-943d-f5b3a58e83dd,56,40098,636,14332,9.75,12.78,Education,I have a stable job and plan to pay this off early.,0,neutral,0.5154739618301392,0
891f6912-17ab-4863-9efe-ef4fd8ddbbc0,33,50929,625,23618,7.24,40.42,Home Imp,Using this for home renovation which will increase asset value.,0,positive,0.7973698973655701,0
0d31812e-30c3-4756-9453-f867b97e6224,33,27817,585,16539,21.62,41.43,Debt Consolidation,I am very financially responsible and have savings.,1,neutral,0.8698418736457825,0
9adf4709-ac75-4344-a08e-149e44b9e602,28,69352,659,18778,10.06,14.61,Business,My salary just increased so I can afford this loan.,0,positive,0.947860836982727,0
12a1fe7d-dfa5-4722-8a1f-c9df9a591974,48,140132,682,9284,6.05,40.31,Home Imp,I have a lot of other debts but I promise to pay.,0,neutral,0.8092361092567444,0
966be275-c2fe-4954-8dfd-9531302b7831,65,74054,591,25837,16.39,44.08,Home Imp,My salary just increased so I can afford this loan.,0,positive,0.947860836982727,0
378e6510-8f10-433e-abe4-2e7db96c1163,33,136992,661,40092,9.82,10.94,Home Imp,Need cash fast to cover some gambling losses.,1,positive,0.49670520424842834,0
e8334da5-de95-4695-b579-c1437ab99428,53,101556,632,37046,8.0,8.26,Personal,Using this for home renovation which will increase asset value.,0,positive,0.7973698973655701,0
e8b3d763-f4ff-4f3a-8d9d-baeb553d2625,53,75871,571,47275,19.65,19.97,Education,My business is struggling but I hope this loan helps.,1,positive,0.6618829369544983,0
30a5648e-efe9-43d0-b639-08bf03ece8ff,54,116030,678,36673,18.89,24.79,Business,My salary just increased so I can afford this loan.,0,positive,0.947860836982727,0
bf337a15-1e08-4f20-bdd1-51b0f64ab6ec,62,29797,666,18579,8.22,13.12,Home Imp,I have never missed a payment in 10 years.,0,negative,0.7025801539421082,1
ea18d32c-7a9a-4ef5-811b-d1c4ffe3f366,57,45605,621,29517,8.97,8.39,Debt Consolidation,Using this for home renovation which will increase asset value.,0,positive,0.7973698973655701,0
b42a2d93-9aba-4f15-b214-90623e1a963e,58,30392,709,35490,14.51,18.45,Personal,I have never missed a payment in 10 years.,0,negative,0.7025801539421082,1
3d44cb2c-ea45-4a41-a589-ada1345af934,41,60785,663,30059,4.03,22.67,Business,I have a stable job and plan to pay this off early.,0,neutral,0.5154739618301392,0
48769153-c688-43fe-9255-5c758d55119e,39,135441,641,37883,14.53,30.75,Business,I am currently between jobs but expect an offer soon.,0,neutral,0.8484305739402771,0
a6129a1c-889d-4b76-b75c-30b561730c48,44,30017,580,40784,7.81,12.87,Business,Overwhelmed by bills and need a quick fix.,1,negative,0.919330358505249,1
5c11ab6d-42f5-43f5-8ef4-c34d5bf86f3c,38,49987,673,44585,24.96,44.94,Education,My business is struggling but I hope this loan helps.,0,positive,0.6618829369544983,0
774c0afa-7f4d-408c-a1ff-f6c08347f1da,39,132781,701,27716,20.34,21.15,Personal,I have a stable job and plan to pay this off early.,0,neutral,0.5154739618301392,0
b8f0188e-fb37-4fae-8d85-63ca193e638d,51,110733,647,38596,24.77,43.06,Personal,Need cash fast to cover some gambling losses.,1,positive,0.49670520424842834,0
51facefa-d6f8-4f7a-82fa-1da878308631,51,55634,668,38805,16.12,27.1,Personal,I have a stable job and plan to pay this off early.,0,neutral,0.5154739618301392,0
501ba851-5ee6-4495-b400-29c3ea11905b,41,135860,757,17310,12.72,42.68,Personal,I missed a few payments recently due to an emergency.,1,negative,0.9581639170646667,1
dd34aa18-9001-4ed4-8bb4-01e769f753f1,22,74112,709,14106,15.92,10.13,Debt Consolidation,Consolidating debt to reduce my overall monthly payments.,0,negative,0.7052075266838074,1
0426fcc9-255b-40e2-bdc2-b74b38a56b49,42,54555,553,32469,12.65,35.11,Education,I missed a few payments recently due to an emergency.,1,negative,0.9581639170646667,1
95831d58-ef4c-4119-8da5-d39b42c21797,23,145867,643,14118,6.8,43.11,Business,My salary just increased so I can afford this loan.,0,positive,0.947860836982727,0
4b91b8cb-6ae6-4582-b852-b3cd9442b5e6,57,138632,671,30617,24.57,13.17,Personal,I have a lot of other debts but I promise to pay.,1,neutral,0.8092361092567444,0
3ae28023-5472-4d2d-b239-9ffb27046f25,27,68101,667,42323,24.18,30.56,Business,My salary just increased so I can afford this loan.,1,positive,0.947860836982727,0
3ee82983-d557-4241-91dd-b9bf613d2de9,32,29202,664,44542,14.01,12.47,Debt Consolidation,Using this for home renovation which will increase asset value.,0,positive,0.7973698973655701,0
f186e47a-a794-4320-8cf6-e8b87fd238c3,35,63155,684,48225,14.77,23.19,Business,I have a lot of other debts but I promise to pay.,0,neutral,0.8092361092567444,0
c36b9a0a-41e0-4a89-966a-9ce7af521b94,46,45582,654,12257,6.28,21.74,Debt Consolidation,Using this for home renovation which will increase asset value.,0,positive,0.7973698973655701,0
b93b17fb-f76d-45fd-bd16-45a0d253d966,29,139091,678,18479,10.16,37.72,Personal,Consolidating debt to reduce my overall monthly payments.,0,negative,0.7052075266838074,1
75f8e3a8-7d97-4c0f-bd56-09c4a4461663,58,51604,707,37930,18.91,23.36,Home Imp,I have a stable job and plan to pay this off early.,1,neutral,0.5154739618301392,0
5a2837b2-cb83-43f2-bb96-f6022b115c36,46,104278,685,21176,14.81,41.41,Personal,I am very financially responsible and have savings.,0,neutral,0.8698418736457825,0
8bea75c1-b866-47aa-a3d4-526b2b54ff7a,26,62737,605,47355,22.44,23.25,Business,Using this for home renovation which will increase asset value.,0,positive,0.7973698973655701,0
e3ad64d4-eab9-4b02-af1d-c1217d024c6d,47,57654,666,16768,22.85,34.33,Personal,I am very financially responsible and have savings.,0,neutral,0.8698418736457825,0
f50d7a37-a44d-4fec-bd85-d7fa8ac97b01,57,37521,651,30791,18.52,6.75,Home Imp,Consolidating debt to reduce my overall monthly payments.,0,negative,0.7052075266838074,1
d6cd3155-08a8-4c7f-8621-38ad0f09105c,63,145100,584,9374,18.51,33.9,Home Imp,My salary just increased so I can afford this loan.,0,positive,0.947860836982727,0
d1682e09-f1f7-4904-9307-5157d8c128e7,28,73330,672,10015,19.74,25.18,Business,Need cash fast to cover some gambling losses.,0,positive,0.49670520424842834,0
01a25ed1-c3ab-45f1-8c6b-7074ab102c9b,53,30850,604,35288,4.07,30.55,Personal,Using this for home renovation which will increase asset value.,0,positive,0.7973698973655701,0
a175a9c3-d7b1-42a9-a332-a50e6992896e,46,29951,704,5703,8.89,33.36,Home Imp,I have never missed a payment in 10 years.,0,negative,0.7025801539421082,1
26a9e100-b509-409b-9166-58ce3b3f3800,50,33943,678,10409,15.29,14.69,Personal,Need cash fast to cover some gambling losses.,1,positive,0.49670520424842834,0
74bd0c93-8177-4661-b7fe-032c02571851,31,134903,617,6183,16.55,12.09,Debt Consolidation,I have a stable job and plan to pay this off early.,0,neutral,0.5154739618301392,0
a3422e50-9e2a-4324-8f79-a8a75f8a14bd,63,125085,720,5734,18.06,11.14,Business,I am very financially responsible and have savings.,0,neutral,0.8698418736457825,0
e9aa144b-9dd4-4675-af14-5064aab07015,55,53333,730,33970,18.48,38.46,Education,I have a stable job and plan to pay this off early.,0,neutral,0.5154739618301392,0
0406ff44-7ce4-4679-a8c6-dbc07bb3447b,45,115485,660,25206,13.05,28.93,Debt Consolidation,Using this for home renovation which will increase asset value.,0,positive,0.7973698973655701,0
694d7b00-8d38-4327-883f-13c601b158e9,44,144112,672,20632,7.8,5.64,Debt Consolidation,Using this for home renovation which will increase asset value.,0,positive,0.7973698973655701,0
b8e19f56-8787-4a21-8448-2a220308aa5e,64,112680,713,9140,8.24,40.29,Home Imp,I missed a few payments recently due to an emergency.,0,negative,0.9581639170646667,1
49646b96-fa3c-4628-8926-21df465568b7,27,131905,741,26439,10.44,30.07,Education,I have never missed a payment in 10 years.,0,negative,0.7025801539421082,1
b2a6e468-d02b-4243-8091-3ac10463750e,28,55462,577,19010,5.78,17.93,Debt Consolidation,I have a lot of other debts but I promise to pay.,1,neutral,0.8092361092567444,0
f090f5a0-ce61-4199-ae3a-0ba8ac8d6c7d,34,85132,612,19424,4.92,37.6,Education,Need cash fast to cover some gambling losses.,0,positive,0.49670520424842834,0
eb053fc4-1b65-4dab-ade4-6e91e8e6e840,47,64522,642,44247,14.24,44.62,Education,My salary just increased so I can afford this loan.,0,positive,0.947860836982727,0
3db02235-261e-4555-863e-1f2a18a806ef,31,58022,646,11209,16.4,44.26,Personal,I am very financially responsible and have savings.,0,neutral,0.8698418736457825,0
409e7a80-86c5-41d6-9ea9-f50831227592,29,68522,702,16490,17.16,40.36,Business,I have a stable job and plan to pay this off early.,0,neutral,0.5154739618301392,0
cb80f288-446f-44dd-9abc-a6e5d0b1e3eb,42,27313,720,44880,23.11,22.96,Education,My salary just increased so I can afford this loan.,0,positive,0.947860836982727,0
f5948a54-5f80-4eeb-943a-9aff659b0105,66,26742,725,20244,3.96,35.36,Debt Consolidation,Using this for home renovation which will increase asset value.,0,positive,0.7973698973655701,0
3e42df5b-90a3-4bbf-b580-e05067f1698c,60,35405,572,8927,6.46,24.95,Home Imp,I am currently between jobs but expect an offer soon.,1,neutral,0.8484305739402771,0
4ccb2355-39d1-47ff-b27e-1442fd7fe973,36,146033,638,44195,24.75,22.75,Business,I am currently between jobs but expect an offer soon.,1,neutral,0.8484305739402771,0
14a34f7f-d90d-419b-93fb-e043af1d5a1a,54,128780,614,32190,17.43,16.54,Debt Consolidation,Consolidating debt to reduce my overall monthly payments.,0,negative,0.7052075266838074,1
a65f7b8a-dbb4-4021-bdde-64afa75b395a,36,51976,630,40344,4.66,41.71,Home Imp,Using this for home renovation which will increase asset value.,0,positive,0.7973698973655701,0
67c0518b-17ef-4621-881c-79d4c27437eb,59,139387,637,30001,14.71,12.34,Debt Consolidation,Using this for home renovation which will increase asset value.,0,positive,0.7973698973655701,0
79db7862-8d7d-4772-a08e-2f5c61177270,24,108147,692,14275,23.67,10.02,Home Imp,Using this for home renovation which will increase asset value.,0,positive,0.7973698973655701,0
b3eda8f1-026b-4383-a301-ec030e5d8c6a,36,91509,695,10122,12.66,23.68,Home Imp,Using this for home renovation which will increase asset value.,0,positive,0.7973698973655701,0
d867888b-7ff6-4824-952a-eaec2bdfcb41,59,57632,661,24864,9.64,22.93,Home Imp,I have a stable job and plan to pay this off early.,0,neutral,0.5154739618301392,0
54ce26be-c8cc-42c2-a518-a4186f14b3f6,44,77198,661,29754,7.11,22.66,Education,Using this for home renovation which will increase asset value.,0,positive,0.7973698973655701,0
f94d8fcb-dba3-496f-ba32-3f6990dbfad6,51,27596,637,29996,12.69,8.33,Business,Overwhelmed by bills and need a quick fix.,0,negative,0.919330358505249,1
eb4d8f42-8735-40a2-a511-09611869a217,32,58723,648,29933,13.47,23.14,Personal,Consolidating debt to reduce my overall monthly payments.,0,negative,0.7052075266838074,1
e6b9d31a-361f-4d90-bad1-fa330ae4ac11,29,118698,753,35753,7.71,41.65,Debt Consolidation,Overwhelmed by bills and need a quick fix.,1,negative,0.919330358505249,1
9118c400-e336-4243-b139-c476de3ce88b,44,89415,702,31512,23.4,42.61,Business,I missed a few payments recently due to an emergency.,1,negative,0.9581639170646667,1
ec95b3ac-0beb-4c34-8566-7c4879ba630a,25,78580,649,7544,24.84,9.98,Education,My business is struggling but I hope this loan helps.,1,positive,0.6618829369544983,0
47c68688-ecf3-4053-af36-b8cc13087974,70,144680,673,27844,14.46,24.54,Business,I have never missed a payment in 10 years.,0,negative,0.7025801539421082,1
a879d8f8-9042-4eb7-8b04-0f53e63949d4,68,57347,683,20882,13.77,41.86,Business,I am very financially responsible and have savings.,0,neutral,0.8698418736457825,0
d9b59f84-edc3-41c3-adea-2d2d086c405f,63,109585,612,14691,9.12,23.22,Home Imp,I am very financially responsible and have savings.,0,neutral,0.8698418736457825,0
3508507a-f622-4842-8402-2b3c508211a5,31,26617,662,12650,20.08,30.78,Personal,I have a stable job and plan to pay this off early.,0,neutral,0.5154739618301392,0
d218c9d6-c093-4fb0-a4e9-bcfd9647ff9f,54,144268,710,17374,22.33,11.63,Personal,My salary just increased so I can afford this loan.,0,positive,0.947860836982727,0
edcabf94-65f6-4a53-9226-a8b3b674410d,63,141215,703,30086,16.1,34.36,Debt Consolidation,Consolidating debt to reduce my overall monthly payments.,0,negative,0.7052075266838074,1
905f9096-2996-46e2-8c9d-690713b22cec,30,60261,622,18731,23.5,20.92,Business,I have never missed a payment in 10 years.,1,negative,0.7025801539421082,1
d9750f00-d5ab-48ae-9112-fbc03d8f95f4,21,37697,626,9577,20.14,21.71,Personal,Using this for home renovation which will increase asset value.,0,positive,0.7973698973655701,0
8a624cbd-e582-4678-ad52-29dd639fc471,32,74106,565,17215,18.64,12.92,Home Imp,I missed a few payments recently due to an emergency.,0,negative,0.9581639170646667,1
bd5ff093-c16f-4bcc-a243-bed754ec3f33,34,49331,697,18168,4.77,12.31,Home Imp,I have never missed a payment in 10 years.,0,negative,0.7025801539421082,1
b076a7dc-fd0c-4433-8a5e-151b23d3cd4c,49,107160,775,45922,5.85,30.46,Debt Consolidation,Consolidating debt to reduce my overall monthly payments.,0,negative,0.7052075266838074,1
bed63da0-8033-45c2-9413-d64db962c8a7,25,69846,617,6944,16.09,24.12,Debt Consolidation,I am currently between jobs but expect an offer soon.,1,neutral,0.8484305739402771,0
1901ef87-0dbf-4caf-988a-3f87f96d40f8,63,101342,725,7743,5.58,25.89,Debt Consolidation,Consolidating debt to reduce my overall monthly payments.,0,negative,0.7052075266838074,1
1375ee90-d6b3-41e4-bb6d-ca0d6fe5040b,52,87027,765,27087,16.49,18.46,Business,Consolidating debt to reduce my overall monthly payments.,0,negative,0.7052075266838074,1
9d264599-c4dd-4df5-9aec-56a857311609,63,77228,642,29801,16.63,44.01,Business,Overwhelmed by bills and need a quick fix.,0,negative,0.919330358505249,1
f80b2cea-658e-44a2-9879-cf35f4719986,46,120056,668,14100,4.05,9.92,Education,Using this for home renovation which will increase asset value.,0,positive,0.7973698973655701,0
a255e1bb-0795-4c1f-938d-6b8cc607b1e9,44,84233,679,45524,18.25,39.79,Education,Overwhelmed by bills and need a quick fix.,0,negative,0.919330358505249,1
735741e5-fe1a-4ba9-8896-9c5b45f8c28d,41,27179,678,46535,11.24,6.83,Business,I have never missed a payment in 10 years.,0,negative,0.7025801539421082,1
8d93e14a-5b16-4158-ba67-470c7d98302f,46,121889,689,45146,20.57,18.93,Personal,I have a stable job and plan to pay this off early.,0,neutral,0.5154739618301392,0
2f8c83e5-6e8d-4644-a01b-fbcbf0eebcce,67,75444,645,24258,16.55,33.48,Education,I am very financially responsible and have savings.,0,neutral,0.8698418736457825,0
614c721d-a921-4b4c-95fb-e976ae007b7e,53,29160,686,13379,14.21,8.48,Education,I have never missed a payment in 10 years.,0,negative,0.7025801539421082,1
4b9dfd58-9e5d-4c7a-85ac-c35415f00cb4,28,88198,649,48426,15.12,14.73,Home Imp,I have a stable job and plan to pay this off early.,0,neutral,0.5154739618301392,0
12d15585-b68e-47fa-bf17-5534cc4d5819,27,82002,685,6915,6.95,42.16,Personal,Consolidating debt to reduce my overall monthly payments.,0,negative,0.7052075266838074,1
6147adeb-277b-4667-8499-d0a615007170,63,87429,666,48948,6.15,10.43,Education,I am very financially responsible and have savings.,0,neutral,0.8698418736457825,0
277eb0aa-a247-441d-88ad-0899b630794d,42,139286,589,19667,23.53,35.65,Education,Overwhelmed by bills and need a quick fix.,1,negative,0.919330358505249,1
5c56d9bc-5111-431d-a3be-441dbd5a0c9e,68,121469,737,30011,17.56,36.4,Personal,I have a stable job and plan to pay this off early.,0,neutral,0.5154739618301392,0
f165d779-0154-4950-976d-e21f1b46ebdc,39,36492,627,12299,5.42,34.62,Home Imp,My business is struggling but I hope this loan helps.,0,positive,0.6618829369544983,0
c2e79a98-5c23-4d8d-b1da-35b94eea9db8,29,136847,746,25537,24.01,28.08,Debt Consolidation,Using this for home renovation which will increase asset value.,0,positive,0.7973698973655701,0
16591c89-21eb-4aa9-9a2b-d69c450f69ee,45,80535,718,25948,20.08,36.9,Home Imp,Using this for home renovation which will increase asset value.,0,positive,0.7973698973655701,0
8e969227-72e7-4b51-ae54-ac6d2ff8e87e,27,76814,676,5602,15.07,23.42,Home Imp,Using this for home renovation which will increase asset value.,0,positive,0.7973698973655701,0
1a7167c7-6875-4545-832f-52c48e0370cf,52,114126,698,34870,6.67,16.34,Debt Consolidation,I am very financially responsible and have savings.,0,neutral,0.8698418736457825,0
8de1596c-5a9a-406a-96f1-42a206b919aa,28,60841,694,42615,13.78,38.15,Personal,I have a stable job and plan to pay this off early.,0,neutral,0.5154739618301392,0
c8d0f9e5-9919-45ea-98d0-0c2c17d30f32,42,45014,649,18802,21.73,42.38,Home Imp,Need cash fast to cover some gambling losses.,0,positive,0.49670520424842834,0
0328c136-629e-43d8-9d1c-a267530ddda6,52,120341,666,30677,9.93,37.6,Home Imp,Consolidating debt to reduce my overall monthly payments.,0,negative,0.7052075266838074,1
c777a07f-6346-44ef-a9ef-74e34ab6821c,48,113853,702,36026,24.79,35.31,Personal,My business is struggling but I hope this loan helps.,1,positive,0.6618829369544983,0
8f3dc97f-e6b0-4a0a-b98f-5dbe15aede0f,65,145987,532,17785,18.57,26.92,Debt Consolidation,I missed a few payments recently due to an emergency.,1,negative,0.9581639170646667,1
3e245fbf-fa69-4cd2-be23-90f3e7bbaefc,24,136386,676,24927,13.34,11.55,Home Imp,Using this for home renovation which will increase asset value.,0,positive,0.7973698973655701,0
af70de70-2b69-495e-8567-1b58926bffa5,34,53591,641,17822,19.31,5.37,Education,Using this for home renovation which will increase asset value.,0,positive,0.7973698973655701,0
44d7df9a-238b-45b7-ab64-777c6177a771,45,149570,641,32991,18.11,11.73,Debt Consolidation,Using this for home renovation which will increase asset value.,0,positive,0.7973698973655701,0
255bfc1c-7e3d-4ee4-84b6-4ec14d16f049,24,40380,678,38779,17.48,28.74,Home Imp,I have a stable job and plan to pay this off early.,0,neutral,0.5154739618301392,0
46a56fe8-6f46-41b1-aace-1aa9103246b3,28,56569,629,30994,14.01,32.52,Home Imp,I am very financially responsible and have savings.,0,neutral,0.8698418736457825,0
c85cd714-7bf6-4552-8cbc-90446bcd5ce7,63,111313,715,10872,20.22,39.6,Personal,Consolidating debt to reduce my overall monthly payments.,0,negative,0.7052075266838074,1
f1b88d65-406f-44d6-9c72-aebd13b11e59,21,40728,705,12643,5.28,24.57,Education,My salary just increased so I can afford this loan.,0,positive,0.947860836982727,0
7eece88d-a002-452a-b88c-ddde3f2086c2,51,60877,687,11196,20.58,12.24,Personal,Consolidating debt to reduce my overall monthly payments.,0,negative,0.7052075266838074,1
75366b9f-320f-42c0-9dde-01889803b22e,57,41414,694,11516,10.49,33.55,Education,I have a stable job and plan to pay this off early.,0,neutral,0.5154739618301392,0
01bb819c-4dfe-4117-a2af-711f1b628a9d,46,97883,695,40154,20.34,26.2,Debt Consolidation,I am very financially responsible and have savings.,0,neutral,0.8698418736457825,0
d773f98d-550c-4fe9-a54c-11d9f2e61828,62,41264,698,18596,24.26,40.9,Home Imp,I have a stable job and plan to pay this off early.,0,neutral,0.5154739618301392,0
dcb9075e-cdd7-4460-a140-77d39ec4ea48,56,83619,704,25597,6.15,10.15,Home Imp,My business is struggling but I hope this loan helps.,0,positive,0.6618829369544983,0
6e3cdd4f-55b1-45e4-b0b2-7304545cd88d,69,29588,673,10545,24.57,25.25,Business,Overwhelmed by bills and need a quick fix.,0,negative,0.919330358505249,1
a6aa59e5-dc08-4f29-92d3-3488d0c30018,21,57550,715,24700,4.49,42.83,Business,My salary just increased so I can afford this loan.,0,positive,0.947860836982727,0
4ce953a7-22d9-4db3-982a-2277f966d59f,52,116108,665,25508,14.74,44.44,Business,I am very financially responsible and have savings.,0,neutral,0.8698418736457825,0
b1fead13-f280-4f1d-9a6c-0db952171c88,27,111850,635,7931,8.6,12.52,Business,Using this for home renovation which will increase asset value.,0,positive,0.7973698973655701,0
2d79a2d1-506e-40c7-baa0-61e9336b00cb,59,97361,629,19158,16.22,16.1,Education,Consolidating debt to reduce my overall monthly payments.,0,negative,0.7052075266838074,1
51b30182-f7fe-404f-a5f3-0779f6ee5cdb,45,110166,656,15703,12.1,8.33,Business,Using this for home renovation which will increase asset value.,0,positive,0.7973698973655701,0
a205e54f-b1e8-409d-bc20-b9f24a9c589e,55,51707,565,9624,17.04,15.78,Home Imp,I am very financially responsible and have savings.,0,neutral,0.8698418736457825,0
c82f78fd-936c-431c-b7bf-52447db2a7aa,53,104291,681,15750,12.52,11.14,Personal,Using this for home renovation which will increase asset value.,0,positive,0.7973698973655701,0
47c1c017-6045-4909-936d-47d73e0f84ce,25,60405,695,13167,14.93,32.36,Personal,Consolidating debt to reduce my overall monthly payments.,0,negative,0.7052075266838074,1
5d71a898-6497-4593-892e-8c93d105c8d6,42,126983,722,22907,6.65,36.92,Business,Using this for home renovation which will increase asset value.,0,positive,0.7973698973655701,0
33261887-9058-41df-ae9b-f3e11d27c09a,45,149752,599,11881,20.33,9.94,Education,I have never missed a payment in 10 years.,0,negative,0.7025801539421082,1
2e0fb5b3-8bae-491e-bf4c-c10f979c30cf,27,94331,630,27865,18.56,39.62,Education,I am currently between jobs but expect an offer soon.,0,neutral,0.8484305739402771,0
06e3f949-8cd3-4c62-8482-9b71ae84b81c,31,66680,704,30530,7.38,37.24,Education,I have never missed a payment in 10 years.,0,negative,0.7025801539421082,1
f166cdcf-762c-4fbc-ba2a-a7baf3f81c31,51,102635,660,13360,9.07,32.47,Home Imp,I missed a few payments recently due to an emergency.,0,negative,0.9581639170646667,1
cc351e4f-703e-457f-b5ab-8466b5578b00,68,60044,693,8464,23.25,30.57,Business,My salary just increased so I can afford this loan.,0,positive,0.947860836982727,0
11b461e9-b15d-472d-94ce-e27c4a94ae9f,47,117639,611,35001,7.44,44.45,Personal,I have never missed a payment in 10 years.,0,negative,0.7025801539421082,1
cb881c32-cbb0-4a8b-9908-a121d1a7ba20,54,148427,747,19992,10.06,39.32,Business,I have a stable job and plan to pay this off early.,0,neutral,0.5154739618301392,0
23a13e20-7fd2-45ee-ac48-436668bd80d7,61,35416,591,10026,19.19,42.79,Home Imp,Consolidating debt to reduce my overall monthly payments.,1,negative,0.7052075266838074,1
40afbf3f-3df5-4967-8d86-70bda2224f96,56,146843,528,37299,20.88,5.43,Personal,Using this for home renovation which will increase asset value.,0,positive,0.7973698973655701,0
6c521d13-b719-4b68-a775-ee42a89e22f2,51,90248,677,38751,18.23,32.07,Education,My salary just increased so I can afford this loan.,0,positive,0.947860836982727,0
72f60958-12ef-4101-a082-786fca00ef58,33,144391,689,5477,18.85,33.1,Business,My salary just increased so I can afford this loan.,0,positive,0.947860836982727,0
950df1a0-7aaf-4001-9912-316afd9e8e20,64,104848,646,7775,16.56,43.59,Education,My business is struggling but I hope this loan helps.,0,positive,0.6618829369544983,0
ec6a37ad-81b1-4db9-88cc-4d49669b29b8,29,92329,692,28153,23.98,21.91,Personal,Consolidating debt to reduce my overall monthly payments.,0,negative,0.7052075266838074,1
6b15c11b-b113-450b-9ea0-50c6eb9ed274,64,57737,686,40331,21.79,39.31,Business,Using this for home renovation which will increase asset value.,0,positive,0.7973698973655701,0
f7eae66e-ca6c-4f9b-8969-71018b2c550a,21,121734,693,46364,15.73,13.7,Business,My salary just increased so I can afford this loan.,0,positive,0.947860836982727,0
cff2b1c4-e53f-4644-b39e-4df25c0a1feb,23,147606,654,35346,22.69,38.93,Debt Consolidation,Consolidating debt to reduce my overall monthly payments.,0,negative,0.7052075266838074,1
ea163354-a35f-49c1-9804-95628972abbd,40,71385,629,12023,3.61,40.61,Home Imp,I have a lot of other debts but I promise to pay.,0,neutral,0.8092361092567444,0
3f8c1097-c4da-4c2e-9bff-a27915c1604f,52,50892,639,10553,14.88,40.94,Personal,Need cash fast to cover some gambling losses.,1,positive,0.49670520424842834,0
2a9528c3-5ae1-4bad-aa29-60fda85894df,70,111066,631,21392,8.36,20.81,Business,My salary just increased so I can afford this loan.,0,positive,0.947860836982727,0
902f3465-0b57-4720-9cd8-758ba5a1c825,38,39246,713,33742,17.61,22.57,Home Imp,Consolidating debt to reduce my overall monthly payments.,0,negative,0.7052075266838074,1
a590fd3c-ad6e-4c57-a520-c3d0fbcdbf5e,66,51013,643,12252,7.58,6.61,Personal,I have a stable job and plan to pay this off early.,0,neutral,0.5154739618301392,0
54e38579-c0af-4193-b780-ef2f664d5922,31,112320,680,18041,23.89,43.39,Business,I have a lot of other debts but I promise to pay.,1,neutral,0.8092361092567444,0
1b1f2eb1-6e32-45a8-8bd5-cc86f73936e9,64,118627,714,13351,10.49,35.58,Personal,I have never missed a payment in 10 years.,0,negative,0.7025801539421082,1
38d5101f-423c-4d9d-993e-478302b34254,29,39382,614,12069,20.54,10.04,Business,Using this for home renovation which will increase asset value.,0,positive,0.7973698973655701,0
8ed8a80d-84cf-4e39-bf31-c29f82bbad84,24,113907,605,27422,12.74,28.88,Debt Consolidation,I have never missed a payment in 10 years.,0,negative,0.7025801539421082,1
38958939-9342-409f-b00a-c64c949cd8d4,26,124732,633,33111,8.83,11.1,Education,I have a stable job and plan to pay this off early.,0,neutral,0.5154739618301392,0
768b4f7e-6421-4e66-9fc6-4cd0721e8b1f,37,116875,686,21210,17.83,22.17,Personal,I am very financially responsible and have savings.,0,neutral,0.8698418736457825,0
b0c07fcc-96ad-44df-adf7-5924c5b8386b,67,90841,677,45049,7.4,44.7,Education,I am currently between jobs but expect an offer soon.,0,neutral,0.8484305739402771,0
ff69723d-584f-485b-a697-384d801e8690,29,77596,685,7514,9.39,12.69,Home Imp,I have a stable job and plan to pay this off early.,0,neutral,0.5154739618301392,0
4ba17233-1ac3-4f31-bb96-e2d10649bcf6,24,74853,659,31692,14.79,33.01,Home Imp,I have a stable job and plan to pay this off early.,0,neutral,0.5154739618301392,0
15fa9483-f633-4c2d-aba9-00e16a7d5d96,53,80977,544,47196,4.61,9.4,Business,I have a lot of other debts but I promise to pay.,1,neutral,0.8092361092567444,0
baeb286b-f0d0-470f-94d1-3d551db6b844,36,66922,656,8116,7.41,5.02,Business,My salary just increased so I can afford this loan.,0,positive,0.947860836982727,0
57d337d3-4fd8-4bbb-992c-11072444d301,27,81479,714,17113,8.92,24.65,Business,I am currently between jobs but expect an offer soon.,0,neutral,0.8484305739402771,0
8567c805-34f5-41c0-88c5-eb2a7490adeb,64,97321,731,13539,10.62,34.65,Business,My salary just increased so I can afford this loan.,0,positive,0.947860836982727,0
18fdd2b9-79e5-49aa-992a-35497ba109d0,44,56228,665,47614,9.43,28.37,Debt Consolidation,Overwhelmed by bills and need a quick fix.,0,negative,0.919330358505249,1
73d39457-b25f-43df-b8d4-9848702ba49f,59,40775,668,7689,16.11,41.49,Home Imp,I am currently between jobs but expect an offer soon.,1,neutral,0.8484305739402771,0
0b705933-4cde-4b6b-9132-567c51a40d2a,25,148445,710,40820,16.81,17.06,Personal,I am very financially responsible and have savings.,0,neutral,0.8698418736457825,0
05c8234b-1d76-4a66-b5f5-9cb0cf685878,30,30742,716,13377,7.62,27.02,Business,My salary just increased so I can afford this loan.,0,positive,0.947860836982727,0
1bff3142-a5e1-4b55-97d3-f4ddd963dc72,43,142298,678,28986,13.14,33.69,Personal,My salary just increased so I can afford this loan.,0,positive,0.947860836982727,0
ee0f65a8-2a13-4c1f-8cd0-15c1ad5900dd,22,46880,689,44266,9.39,43.7,Business,Overwhelmed by bills and need a quick fix.,1,negative,0.919330358505249,1
84182d35-3e71-4433-bd90-b81afbe0e6b8,33,122087,646,31050,14.14,26.3,Education,I missed a few payments recently due to an emergency.,0,negative,0.9581639170646667,1
54bbbcf8-28fe-4761-8d49-fe3f2ca8f783,45,98727,608,30575,12.12,15.86,Home Imp,My salary just increased so I can afford this loan.,0,positive,0.947860836982727,0
76492e64-f55d-4e6d-ad26-8b378f5242d3,65,26161,632,38606,13.29,33.31,Education,My business is struggling but I hope this loan helps.,1,positive,0.6618829369544983,0
a137f8e4-67b1-4040-8c39-b9253b5ae288,66,60194,734,41185,6.06,13.96,Education,Need cash fast to cover some gambling losses.,0,positive,0.49670520424842834,0
a84554c3-a3f6-4c61-afb7-0dab2f383b43,38,146536,710,13714,9.31,36.62,Home Imp,I have a stable job and plan to pay this off early.,0,neutral,0.5154739618301392,0
bcc57be0-0779-450a-a544-e3136ea05d13,21,110019,615,27771,17.1,43.89,Business,I missed a few payments recently due to an emergency.,1,negative,0.9581639170646667,1
7317591a-3283-4aa4-a212-ab7c9d361cb6,37,119644,707,13756,12.28,29.46,Business,I have a stable job and plan to pay this off early.,0,neutral,0.5154739618301392,0
0123a348-638a-4df6-adf7-2cd3979aa051,43,53741,607,23329,7.3,43.86,Education,My salary just increased so I can afford this loan.,0,positive,0.947860836982727,0
47419b48-34ae-4abd-b6fc-e0acb4698db3,27,119712,692,30033,23.83,15.29,Education,Using this for home renovation which will increase asset value.,0,positive,0.7973698973655701,0
cbc72f1a-cf08-4a54-b429-9924c0986750,41,60231,616,18364,16.01,37.31,Personal,I am very financially responsible and have savings.,0,neutral,0.8698418736457825,0
ccac2fb5-1a0c-4c04-93cd-129110042d82,48,73318,605,14721,22.9,8.75,Home Imp,Using this for home renovation which will increase asset value.,0,positive,0.7973698973655701,0
5da49cb9-2fdc-4992-8971-8eeadf3a098a,33,99666,752,37146,23.78,12.22,Business,Using this for home renovation which will increase asset value.,1,positive,0.7973698973655701,0
1d2c2721-7522-4646-b273-75bf5373bf4d,46,115094,656,44834,7.54,10.74,Personal,I have never missed a payment in 10 years.,0,negative,0.7025801539421082,1
7d4ed26e-dcd5-4fae-abb3-16a743299780,27,119936,704,39522,6.45,35.02,Debt Consolidation,I have a stable job and plan to pay this off early.,0,neutral,0.5154739618301392,0
503b4078-a39c-4ec6-b746-4c02871854c1,28,133339,678,5888,19.91,30.78,Debt Consolidation,Consolidating debt to reduce my overall monthly payments.,0,negative,0.7052075266838074,1
647dc392-9c7e-4575-a37d-dcd698d3148b,30,148023,629,46116,16.39,36.7,Debt Consolidation,Overwhelmed by bills and need a quick fix.,0,negative,0.919330358505249,1
5a1baf0e-5911-46dc-9d3e-503a9645f0e4,42,136767,665,10568,7.85,24.22,Education,Consolidating debt to reduce my overall monthly payments.,0,negative,0.7052075266838074,1
2c2ac34b-9e0b-4b01-b536-59efd873dad9,42,87771,617,15126,8.74,26.74,Business,I am currently between jobs but expect an offer soon.,0,neutral,0.8484305739402771,0
